FeedbackID,StudentID,FeedbackDate,Rating,FeedbackText
FB10001,ST10226,2025-09-01,4,The placement training has been useful.
FB10002,ST10530,2026-07-14,3,Some aspects of the program are useful.
FB10003,ST10827,2026-01-13,3,The facilities are satisfactor.
FB10004,ST10292,2025-03-11,3,Some aspects of the program are useful.
FB10005,ST10829,2024-10-27,4,I am satisfied with the learning experience.
FB10006,ST10187,2025-12-29,5,The courses are well structured and helpful.
FB10007,ST10633,2025-10-14,5,The academic resources are very helpful.
FB10008,ST10193,2025-06-15,4,I am satisfied with the learning experience.
FB10009,ST10993,2025-01-08,4,I am satisfied with the learning experience.
FB10010,ST10289,2025-06-02,5,The academic resources are very helpful.
FB10011,ST10745,2026-07-06,4,The courses are well structured and helpful.
FB10012,ST10016,2025-06-10,5,The faculty members are very supportive.
FB10013,ST10320,2025-05-31,3,The learning experience is neither good nor bad.
FB10014,ST10381,2025-01-09,5,The courses are well structured and helpful.
FB10015,ST10083,2025-07-30,5,The workload is too high.
FB10016,ST10058,2024-09-21,4,The placement training has been useful.
FB10017,ST10557,2025-03-10,5,I am satisfied with the learning experience.
FB10018,ST10837,2025-07-25,4,The courses are well structured and helpful.
FB10019,ST10998,2025-08-14,3,The courses are okay but could be improved.
FB10020,ST10395,2025-03-10,3,The learning experience is neither good nor bad.
FB10021,ST10254,2025-02-09,3,The overall experience is average.
FB10022,ST10204,2026-05-30,4,The courses are well structured and helpful.
FB10023,ST10485,2025-03-14,5,The faculty members are very supportive.
FB10024,ST10163,2025-10-30,3,The overall experience is average.
FB10025,ST10763,2024-10-04,3,The placement opportunities are not sufficient.
FB10026,ST10126,2024-12-13,5,The academic resources are very helpful.
FB10027,ST10204,2026-03-25,4,The courses are well structured and helpful.
FB10028,ST10997,2026-02-09,5,The academic resources are very helpful.
FB10029,ST10333,2026-01-18,4,The faculty members are very supportive.
FB10030,ST10406,2024-11-01,3,The overall experience is average.
FB10031,ST10993,2024-10-23,5,The academic resources are very helpful.
FB10032,ST10705,2026-01-18,4,The faculty members are very supportive.
FB10033,ST10255,2025-05-12,5,The courses are well structured and helpful.
FB10034,ST10954,2026-05-07,5,The academic resources need improvement.
FB10035,ST10062,2025-10-12,4,The academic resources are very helpful.
FB10036,ST10719,2025-07-05,4,The courses are well structured and helpful.
FB10037,ST10500,2026-03-28,5,The practical sessions are excellent.
FB10038,ST10825,2025-11-19,5,The academic resources need improvement.
FB10039,ST10198,2025-02-10,5,The placement training has been useful.
FB10040,ST10742,2025-10-21,5,The courses are well structured and helpful.
FB10041,ST10724,2024-10-04,5,The faculty members are very supportive.
FB10042,ST10195,2026-06-02,5,The practical sessions are excellent.
FB10043,ST10332,2025-06-14,3,The facilities are satisfactor.
FB10044,ST10889,2026-05-15,3,The placement opportunities are not sufficient.
FB10045,ST10165,2025-09-27,5,I am satisfied with the learning experience.
FB10046,ST10303,2025-07-09,5,The placement opportunities are not sufficient.
FB10047,ST10376,2025-10-07,5,The academic resources are very helpful.
FB10048,ST10752,2026-02-02,5,The courses are well structured and helpful.
FB10049,ST10795,2026-06-22,3,The facilities are satisfactor.
FB10050,ST10739,2026-08-15,5,The practical sessions are excellent.
FB10051,ST10195,2025-08-21,4,The placement training has been useful.
FB10052,ST10628,2025-11-05,5,The placement training has been useful.
FB10053,ST10114,2026-07-03,4,The academic resources are very helpful.
FB10054,ST10045,2025-02-17,4,The workload is too high.
FB10055,ST10183,2025-08-22,4,The workload is too high.
FB10056,ST10110,2025-04-07,4,The courses are well structured and helpful.
FB10057,ST10585,2024-10-18,3,The learning experience is neither good nor bad.
FB10058,ST10674,2025-06-20,5,The practical sessions are excellent.
FB10059,ST10051,2026-07-20,4,The practical sessions are excellent.
FB10060,ST10014,2026-06-12,4,The workload is too high.
FB10061,ST10672,2026-02-23,5,The courses are well structured and helpful.
FB10062,ST10821,2024-09-13,3,The facilities are satisfactor.
FB10063,ST10572,2025-09-11,3,The learning experience is neither good nor bad.
FB10064,ST10842,2025-11-04,4,The academic resources are very helpful.
FB10065,ST10844,2026-07-18,3,Some aspects of the program are useful.
FB10066,ST10042,2025-09-23,3,The facilities are satisfactor.
FB10067,ST10080,2026-05-01,3,The placement opportunities are not sufficient.
FB10068,ST10100,2025-11-04,5,I am satisfied with the learning experience.
FB10069,ST10195,2026-01-26,4,The academic resources are very helpful.
FB10070,ST10584,2025-12-12,3,The courses are okay but could be improved.
FB10071,ST10572,2024-12-10,3,The learning experience is neither good nor bad.
FB10072,ST10765,2024-11-19,5,The academic resources are very helpful.
FB10073,ST10691,2026-03-29,5,The academic resources are very helpful.
FB10074,ST10905,2025-08-01,5,I am satisfied with the learning experience.
FB10075,ST10517,2024-12-30,5,I am satisfied with the learning experience.
FB10076,ST10956,2024-12-25,5,The faculty members are very supportive.
FB10077,ST10866,2025-01-29,5,The academic resources are very helpful.
FB10078,ST10846,2026-05-07,3,Some aspects of the program are useful.
FB10079,ST10247,2025-01-14,5,I am satisfied with the learning experience.
FB10080,ST10785,2024-11-24,5,The academic resources are very helpful.
FB10081,ST10369,2024-09-20,5,The practical sessions need complete overhaul.
FB10082,ST10983,2025-07-12,4,The academic resources are very helpful.
FB10083,ST10292,2024-10-17,4,The practical sessions are excellent.
FB10084,ST10912,2026-01-30,4,The faculty members are very supportive.
FB10085,ST10220,2025-07-22,4,The placment training needs serious improvement.
FB10086,ST10791,2025-01-21,4,The academic resources need improvement.
FB10087,ST10843,2026-05-18,4,The practical sessions are excellent.
FB10088,ST10097,2025-12-18,4,The faculty members are very supportive.
FB10089,ST10142,2024-12-10,4,The practical sessions are excellent.
FB10090,ST10239,2026-05-27,4,The faculty members are very supportive.
FB10091,ST10585,2025-11-23,4,I am satisfied with the learning experience.
FB10092,ST10741,2025-03-06,4,The placement training has been useful.
FB10093,ST10500,2025-04-23,4,The academic resources need improvement.
FB10094,ST10720,2026-07-26,5,The courses are well structured and helpful.
FB10095,ST10039,2026-03-05,3,Some aspects of the program are useful.
FB10096,ST10391,2026-07-29,5,The courses are well structured and helpful.
FB10097,ST10357,2026-05-07,5,The practical sessions need complete overhaul.
FB10098,ST10427,2024-10-09,5,The placment training needs serious improvement.
FB10099,ST10891,2024-10-24,3,Some aspects of the program are useful.
FB10100,ST10951,2025-06-15,5,The academic resources are very helpful.
FB10101,ST10056,2025-10-24,5,The courses are well structured and helpful.
FB10102,ST10553,2025-06-22,4,The faculty members are very supportive.
FB10103,ST10157,2025-10-20,5,The academic resources are very helpful.
FB10104,ST10995,2025-04-28,4,The practical sessions are excellent.
FB10105,ST10228,2026-06-14,4,The placement training has been useful.
FB10106,ST10136,2025-03-20,4,The placement training has been useful.
FB10107,ST10562,2025-09-25,5,The courses are well structured and helpful.
FB10108,ST10514,2025-08-08,4,The academic resources are very helpful.
FB10109,ST10781,2026-07-31,4,The practical sessions are excellent.
FB10110,ST10500,2026-06-27,4,The practical sessions are excellent.
FB10111,ST10575,2024-08-27,3,Some aspects of the program are useful.
FB10112,ST10253,2026-04-20,5,The faculty members are very supportive.
FB10113,ST10332,2026-02-13,3,Some aspects of the program are useful.
FB10114,ST10092,2025-12-14,5,The placement training has been useful.
FB10115,ST10375,2025-11-17,5,The faculty members are very supportive.
FB10116,ST10609,2025-09-27,3,The facilities are satisfactor.
FB10117,ST10174,2026-04-17,3,The placement opportunities are not sufficient.
FB10118,ST10842,2025-07-09,3,The practical sessions need complete overhaul.
FB10119,ST10639,2024-11-13,4,The courses are well structured and helpful.
FB10120,ST10205,2025-07-05,3,The courses are okay but could be improved.
FB10121,ST10776,2024-12-12,3,The overall experience is average.
FB10122,ST10116,2024-12-11,3,The courses are okay but could be improved.
FB10123,ST10972,2025-11-01,3,The courses are okay but could be improved.
FB10124,ST10890,2025-11-17,3,The faculty support could be better.
FB10125,ST10015,2025-11-13,5,The courses are well structured and helpful.
FB10126,ST10461,2026-03-30,4,The faculty members are very supportive.
FB10127,ST10758,2026-08-17,5,I am satisfied with the learning experience.
FB10128,ST10562,2024-11-03,4,The academic resources are very helpful.
FB10129,ST10712,2026-08-06,3,The overall experience is average.
FB10130,ST10386,2024-11-08,4,The academic resources are very helpful.
FB10131,ST10262,2025-10-29,4,The faculty members are very supportive.
FB10132,ST10809,2026-04-15,3,The facilities are satisfactor.
FB10133,ST10055,2024-11-04,4,The courses are well structured and helpful.
FB10134,ST10398,2026-04-20,3,The facilities are satisfactor.
FB10135,ST10886,2025-03-28,5,The faculty members are very supportive.
FB10136,ST10237,2026-06-22,5,The placement opportunities are not sufficient.
FB10137,ST10727,2025-10-08,5,The faculty members are very supportive.
FB10138,ST10888,2026-07-02,4,The courses are well structured and helpful.
FB10139,ST10204,2025-05-12,4,The placement training has been useful.
FB10140,ST10041,2026-06-30,5,The practical sessions are excellent.
FB10141,ST10342,2025-07-03,4,The academic resources are very helpful.
FB10142,ST10019,2025-03-11,5,The faculty members are very supportive.
FB10143,ST10641,2025-06-11,5,The practical sessions are excellent.
FB10144,ST10832,2026-01-08,5,The faculty members are very supportive.
FB10145,ST10912,2025-08-30,5,The placment training needs serious improvement.
FB10146,ST10967,2025-11-05,4,The faculty members are very supportive.
FB10147,ST10156,2025-12-03,4,The placement training has been useful.
FB10148,ST10090,2025-08-20,3,Some aspects of the program are useful.
FB10149,ST10984,2024-09-16,3,The courses are okay but could be improved.
FB10150,ST10428,2024-12-29,5,I am satisfied with the learning experience.
FB10151,ST10994,2025-03-19,5,The practical sessions are excellent.
FB10152,ST10460,2025-06-26,4,I am satisfied with the learning experience.
FB10153,ST10595,2024-12-07,4,I am satisfied with the learning experience.
FB10154,ST10317,2025-12-11,3,Some aspects of the program are useful.
FB10155,ST10932,2025-12-03,4,I am satisfied with the learning experience.
FB10156,ST10326,2026-01-28,4,The practical sessions are excellent.
FB10157,ST10189,2026-02-07,4,I am satisfied with the learning experience.
FB10158,ST10784,2025-06-26,5,The placement training has been useful.
FB10159,ST10311,2024-09-17,5,The academic resources are very helpful.
FB10160,ST10156,2025-06-21,3,The overall experience is average.
FB10161,ST10135,2026-07-09,5,The practical sessions are excellent.
FB10162,ST10621,2026-07-01,4,I am satisfied with the learning experience.
FB10163,ST10237,2025-05-02,3,The facilities are satisfactor.
FB10164,ST10082,2026-02-05,3,The learning experience is neither good nor bad.
FB10165,ST10138,2025-02-18,5,The practical sessions are excellent.
FB10166,ST10730,2024-09-25,3,The courses are okay but could be improved.
FB10167,ST10873,2026-03-20,4,The placement training has been useful.
FB10168,ST10168,2025-08-22,5,The courses are well structured and helpful.
FB10169,ST10783,2026-08-03,5,The faculty support could be better.
FB10170,ST10974,2025-03-14,4,The academic resources are very helpful.
FB10171,ST10776,2026-07-15,5,I am satisfied with the learning experience.
FB10172,ST10888,2025-06-03,3,The facilities are satisfactor.
FB10173,ST10888,2024-09-02,5,I am satisfied with the learning experience.
FB10174,ST10415,2025-05-07,3,Some aspects of the program are useful.
FB10175,ST10753,2026-05-14,3,The academic resources need improvement.
FB10176,ST10321,2026-04-26,4,The academic resources are very helpful.
FB10177,ST10534,2025-04-10,4,The placement training has been useful.
FB10178,ST10899,2025-04-16,4,The placement opportunities are not sufficient.
FB10179,ST10551,2025-03-23,4,The academic resources are very helpful.
FB10180,ST10572,2026-06-03,4,The academic resources are very helpful.
FB10181,ST10195,2025-09-03,5,The placement training has been useful.
FB10182,ST10793,2026-06-15,5,The practical sessions need complete overhaul.
FB10183,ST10171,2026-02-09,4,The practical sessions are excellent.
FB10184,ST10707,2026-01-31,5,I am satisfied with the learning experience.
FB10185,ST10850,2024-11-02,3,The overall experience is average.
FB10186,ST10740,2026-06-23,4,I am satisfied with the learning experience.
FB10187,ST10403,2025-02-11,4,The placement training has been useful.
FB10188,ST10184,2024-11-30,4,The academic resources are very helpful.
FB10189,ST10904,2025-04-08,5,The faculty members are very supportive.
FB10190,ST10709,2026-03-18,3,The courses are okay but could be improved.
FB10191,ST10736,2025-07-28,3,The overall experience is average.
FB10192,ST10117,2026-04-11,3,The facilities are satisfactor.
FB10193,ST10088,2026-05-21,4,The placement training has been useful.
FB10194,ST10388,2025-04-24,4,The courses are well structured and helpful.
FB10195,ST10935,2025-03-15,4,The academic resources are very helpful.
FB10196,ST10167,2026-03-07,4,The workload is too high.
FB10197,ST10788,2025-07-07,3,The learning experience is neither good nor bad.
FB10198,ST10316,2025-11-30,5,The placement training has been useful.
FB10199,ST10642,2026-01-01,4,I am satisfied with the learning experience.
FB10200,ST10004,2024-10-26,3,The facilities are satisfactor.
FB10201,ST10013,2025-01-10,4,The placement training has been useful.
FB10202,ST10623,2025-07-27,4,The workload is too high.
FB10203,ST10223,2025-01-29,5,The placement training has been useful.
FB10204,ST10420,2026-07-28,4,The practical sessions are excellent.
FB10205,ST10251,2026-05-19,4,The faculty support could be better.
FB10206,ST10635,2025-06-30,3,The courses are okay but could be improved.
FB10207,ST10051,2026-03-16,5,The courses are well structured and helpful.
FB10208,ST10038,2025-08-29,5,The courses are well structured and helpful.
FB10209,ST10340,2026-03-30,5,The placment training needs serious improvement.
FB10210,ST10112,2025-09-23,4,I am satisfied with the learning experience.
FB10211,ST10689,2026-06-22,4,The academic resources are very helpful.
FB10212,ST10990,2025-06-04,5,The practical sessions are excellent.
FB10213,ST10954,2026-05-17,5,The faculty members are very supportive.
FB10214,ST10378,2024-09-30,5,The placment training needs serious improvement.
FB10215,ST10777,2025-09-22,4,The practical sessions are excellent.
FB10216,ST10300,2026-04-24,5,The courses are well structured and helpful.
FB10217,ST10338,2024-12-19,4,The practical sessions are excellent.
FB10218,ST10713,2024-10-07,4,The courses are well structured and helpful.
FB10219,ST10586,2025-04-16,3,Some aspects of the program are useful.
FB10220,ST10090,2026-02-20,5,The academic resources are very helpful.
FB10221,ST10438,2025-09-15,3,The facilities are satisfactor.
FB10222,ST10266,2025-06-27,5,The practical sessions are excellent.
FB10223,ST10950,2024-12-01,5,The practical sessions are excellent.
FB10224,ST10533,2026-04-16,3,The learning experience is neither good nor bad.
FB10225,ST10505,2026-06-10,3,The placement opportunities are not sufficient.
FB10226,ST10239,2025-09-29,3,The courses are okay but could be improved.
FB10227,ST10002,2026-07-01,4,The placement training has been useful.
FB10228,ST10756,2025-11-02,4,The placement opportunities are not sufficient.
FB10229,ST10425,2024-09-09,5,The faculty members are very supportive.
FB10230,ST10574,2024-12-30,5,The workload is too high.
FB10231,ST10012,2025-01-14,3,The facilities are satisfactor.
FB10232,ST10261,2026-06-28,3,The facilities are satisfactor.
FB10233,ST10308,2026-05-26,4,The faculty members are very supportive.
FB10234,ST10117,2025-01-20,3,The facilities are satisfactor.
FB10235,ST10406,2026-05-30,3,Some aspects of the program are useful.
FB10236,ST10984,2024-10-01,4,I am satisfied with the learning experience.
FB10237,ST10339,2025-02-27,4,The academic resources need improvement.
FB10238,ST10491,2024-09-12,4,The placment training needs serious improvement.
FB10239,ST10662,2025-08-07,5,I am satisfied with the learning experience.
FB10240,ST10914,2024-09-26,5,The faculty support could be better.
FB10241,ST10474,2026-08-01,3,The learning experience is neither good nor bad.
FB10242,ST10951,2025-05-24,3,Some aspects of the program are useful.
FB10243,ST10307,2026-02-16,5,The academic resources are very helpful.
FB10244,ST10569,2025-01-19,5,I am satisfied with the learning experience.
FB10245,ST10819,2025-03-18,5,The faculty support could be better.
FB10246,ST10068,2025-05-31,5,The faculty support could be better.
FB10247,ST10861,2026-05-19,4,The placement training has been useful.
FB10248,ST10585,2025-08-13,3,The courses are okay but could be improved.
FB10249,ST10610,2025-09-14,5,The faculty members are very supportive.
FB10250,ST10727,2025-06-22,4,The placement training has been useful.
FB10251,ST10509,2025-12-24,4,The faculty support could be better.
FB10252,ST10463,2026-08-04,4,The faculty support could be better.
FB10253,ST10222,2024-11-22,4,I am satisfied with the learning experience.
FB10254,ST10384,2026-01-29,3,The courses are okay but could be improved.
FB10255,ST10936,2024-09-10,4,The practical sessions are excellent.
FB10256,ST10819,2025-02-21,4,The practical sessions are excellent.
FB10257,ST10195,2025-06-03,5,The placement training has been useful.
FB10258,ST10795,2025-09-01,4,The courses are well structured and helpful.
FB10259,ST10211,2025-11-22,3,The learning experience is neither good nor bad.
FB10260,ST10397,2025-07-30,3,Some aspects of the program are useful.
FB10261,ST10119,2025-01-02,4,The courses are well structured and helpful.
FB10262,ST10342,2026-06-25,4,The courses are well structured and helpful.
FB10263,ST10534,2025-08-21,3,The facilities are satisfactor.
FB10264,ST10024,2025-11-16,4,The faculty members are very supportive.
FB10265,ST10329,2025-10-20,5,The faculty members are very supportive.
FB10266,ST10546,2025-05-16,4,The placement training has been useful.
FB10267,ST10280,2025-05-12,4,The faculty members are very supportive.
FB10268,ST10016,2024-12-23,4,The placement opportunities are not sufficient.
FB10269,ST10527,2026-05-30,5,The practical sessions are excellent.
FB10270,ST10563,2026-07-13,5,I am satisfied with the learning experience.
FB10271,ST10588,2025-03-06,5,The courses are well structured and helpful.
FB10272,ST10628,2026-03-22,5,The placement opportunities are not sufficient.
FB10273,ST10455,2026-05-25,5,The courses are well structured and helpful.
FB10274,ST10925,2026-02-04,3,The overall experience is average.
FB10275,ST10393,2024-10-27,5,The placement training has been useful.
FB10276,ST10184,2025-03-27,3,Some aspects of the program are useful.
FB10277,ST10645,2024-09-08,3,The academic resources need improvement.
FB10278,ST10457,2025-06-14,3,The facilities are satisfactor.
FB10279,ST10341,2024-09-25,3,The academic resources need improvement.
FB10280,ST10777,2024-12-22,3,Some aspects of the program are useful.
FB10281,ST10081,2026-06-12,3,The practical sessions need complete overhaul.
FB10282,ST10582,2025-11-05,5,The academic resources are very helpful.
FB10283,ST10100,2026-04-15,5,The academic resources are very helpful.
FB10284,ST10482,2025-01-31,4,I am satisfied with the learning experience.
FB10285,ST10882,2026-06-14,4,The faculty support could be better.
FB10286,ST10935,2025-02-05,5,I am satisfied with the learning experience.
FB10287,ST10808,2026-01-02,5,The faculty support could be better.
FB10288,ST10465,2025-02-08,5,The courses are well structured and helpful.
FB10289,ST10116,2026-01-26,4,The placement training has been useful.
FB10290,ST10290,2025-01-25,3,Some aspects of the program are useful.
FB10291,ST10589,2025-03-15,5,The courses are well structured and helpful.
FB10292,ST10838,2026-01-06,3,The overall experience is average.
FB10293,ST10334,2025-07-02,5,The courses are well structured and helpful.
FB10294,ST10546,2025-09-20,5,The practical sessions are excellent.
FB10295,ST10245,2024-09-02,3,Some aspects of the program are useful.
FB10296,ST10163,2026-06-20,3,The practical sessions need complete overhaul.
FB10297,ST10068,2026-04-16,5,The academic resources are very helpful.
FB10298,ST10804,2026-04-06,5,The placement opportunities are not sufficient.
FB10299,ST10807,2026-01-29,4,The academic resources are very helpful.
FB10300,ST10178,2024-08-24,3,The overall experience is average.
FB10301,ST10758,2025-08-21,3,The placement opportunities are not sufficient.
FB10302,ST10857,2026-07-26,5,The practical sessions are excellent.
FB10303,ST10334,2024-11-28,4,The placement training has been useful.
FB10304,ST10316,2026-01-02,4,The placment training needs serious improvement.
FB10305,ST10613,2024-12-30,5,The practical sessions are excellent.
FB10306,ST10336,2025-11-27,4,The academic resources are very helpful.
FB10307,ST10093,2026-05-02,4,I am satisfied with the learning experience.
FB10308,ST10776,2024-08-24,5,I am satisfied with the learning experience.
FB10309,ST10545,2025-02-07,5,The practical sessions are excellent.
FB10310,ST10201,2025-03-02,5,The faculty members are very supportive.
FB10311,ST10584,2025-12-03,3,The facilities are satisfactor.
FB10312,ST10941,2026-05-05,3,The practical sessions need complete overhaul.
FB10313,ST10736,2025-04-12,3,The faculty support could be better.
FB10314,ST10092,2026-02-22,5,The practical sessions are excellent.
FB10315,ST10868,2026-02-19,4,The faculty members are very supportive.
FB10316,ST10379,2025-12-30,4,The placment training needs serious improvement.
FB10317,ST10001,2025-03-19,3,The facilities are satisfactor.
FB10318,ST10113,2025-07-13,3,The placment training needs serious improvement.
FB10319,ST10241,2026-07-14,5,The practical sessions are excellent.
FB10320,ST10641,2025-06-06,5,The placement training has been useful.
FB10321,ST10391,2026-06-10,4,I am satisfied with the learning experience.
FB10322,ST10487,2025-05-15,5,The practical sessions are excellent.
FB10323,ST10864,2025-08-09,5,The practical sessions need complete overhaul.
FB10324,ST10158,2025-03-01,4,The academic resources are very helpful.
FB10325,ST10138,2025-02-03,4,The academic resources are very helpful.
FB10326,ST10148,2025-08-15,3,The learning experience is neither good nor bad.
FB10327,ST10674,2025-04-09,4,I am satisfied with the learning experience.
FB10328,ST10141,2026-01-25,3,The learning experience is neither good nor bad.
FB10329,ST10881,2025-09-26,5,The academic resources are very helpful.
FB10330,ST10639,2026-05-20,5,The practical sessions are excellent.
FB10331,ST10566,2025-12-15,5,The practical sessions need complete overhaul.
FB10332,ST10364,2025-06-22,4,The placement training has been useful.
FB10333,ST10592,2025-11-14,4,The academic resources are very helpful.
FB10334,ST10730,2024-11-05,5,The placement training has been useful.
FB10335,ST10035,2024-08-23,5,The placement opportunities are not sufficient.
FB10336,ST10495,2025-09-19,3,The overall experience is average.
FB10337,ST10595,2026-01-14,4,The academic resources are very helpful.
FB10338,ST10146,2026-06-03,3,Some aspects of the program are useful.
FB10339,ST10880,2026-05-31,3,The faculty support could be better.
FB10340,ST10477,2025-06-04,4,The practical sessions are excellent.
FB10341,ST10252,2025-10-28,4,The academic resources are very helpful.
FB10342,ST10701,2026-01-02,3,Some aspects of the program are useful.
FB10343,ST10320,2025-11-22,3,The facilities are satisfactor.
FB10344,ST10548,2025-12-04,3,The learning experience is neither good nor bad.
FB10345,ST10465,2025-03-25,5,The placement training has been useful.
FB10346,ST10432,2025-04-06,5,The faculty members are very supportive.
FB10347,ST10172,2026-01-31,5,The practical sessions are excellent.
FB10348,ST10745,2024-11-09,3,The facilities are satisfactor.
FB10349,ST10063,2025-08-27,3,Some aspects of the program are useful.
FB10350,ST10174,2024-10-06,5,The academic resources are very helpful.
FB10351,ST10829,2025-05-06,3,The overall experience is average.
FB10352,ST10294,2025-03-20,4,I am satisfied with the learning experience.
FB10353,ST10872,2025-12-28,3,The facilities are satisfactor.
FB10354,ST10136,2025-04-27,3,The facilities are satisfactor.
FB10355,ST10879,2026-06-18,4,The academic resources are very helpful.
FB10356,ST10619,2025-03-21,4,The practical sessions are excellent.
FB10357,ST10675,2025-03-08,5,I am satisfied with the learning experience.
FB10358,ST10802,2026-01-09,3,The learning experience is neither good nor bad.
FB10359,ST10186,2026-02-21,3,The overall experience is average.
FB10360,ST10352,2026-07-12,3,The workload is too high.
FB10361,ST10610,2026-01-06,3,The workload is too high.
FB10362,ST10858,2025-04-07,5,The placement training has been useful.
FB10363,ST10244,2025-01-11,3,The courses are okay but could be improved.
FB10364,ST10216,2024-12-12,4,The faculty members are very supportive.
FB10365,ST10658,2025-09-23,4,The courses are well structured and helpful.
FB10366,ST10172,2026-04-04,5,The placement training has been useful.
FB10367,ST10488,2025-02-20,3,Some aspects of the program are useful.
FB10368,ST10240,2026-07-17,5,The academic resources are very helpful.
FB10369,ST10486,2024-10-01,5,The practical sessions are excellent.
FB10370,ST10013,2026-05-05,5,The placement training has been useful.
FB10371,ST10695,2026-06-14,4,The practical sessions are excellent.
FB10372,ST10100,2026-05-03,4,The academic resources need improvement.
FB10373,ST10363,2026-05-09,4,The practical sessions need complete overhaul.
FB10374,ST10626,2025-11-27,4,The faculty support could be better.
FB10375,ST10344,2025-06-27,5,The courses are well structured and helpful.
FB10376,ST10671,2026-01-13,4,The placement training has been useful.
FB10377,ST10752,2025-04-23,3,The courses are okay but could be improved.
FB10378,ST10533,2026-01-28,4,The academic resources are very helpful.
FB10379,ST10321,2024-12-04,4,The academic resources are very helpful.
FB10380,ST10852,2026-03-01,4,The placement training has been useful.
FB10381,ST10538,2024-09-06,5,The placement training has been useful.
FB10382,ST10225,2026-01-09,3,The facilities are satisfactor.
FB10383,ST10198,2025-09-08,4,The practical sessions are excellent.
FB10384,ST10059,2025-04-04,4,The academic resources need improvement.
FB10385,ST10916,2025-03-07,4,The placement opportunities are not sufficient.
FB10386,ST10654,2026-07-23,4,The courses are well structured and helpful.
FB10387,ST10877,2025-07-09,3,The learning experience is neither good nor bad.
FB10388,ST10673,2025-06-28,3,Some aspects of the program are useful.
FB10389,ST10823,2025-06-15,3,The placment training needs serious improvement.
FB10390,ST10713,2026-03-13,5,The faculty members are very supportive.
FB10391,ST10677,2024-09-14,5,The academic resources need improvement.
FB10392,ST10465,2025-11-13,5,The faculty support could be better.
FB10393,ST10788,2026-02-18,5,The academic resources are very helpful.
FB10394,ST10264,2025-11-05,5,The courses are well structured and helpful.
FB10395,ST10796,2026-05-13,5,The placement training has been useful.
FB10396,ST10062,2025-01-12,4,The faculty members are very supportive.
FB10397,ST10452,2025-05-11,5,I am satisfied with the learning experience.
FB10398,ST10183,2026-03-05,3,The overall experience is average.
FB10399,ST10148,2026-02-23,4,The placement training has been useful.
FB10400,ST10629,2025-02-06,3,The learning experience is neither good nor bad.
FB10401,ST10733,2026-02-02,4,The courses are well structured and helpful.
FB10402,ST10073,2025-10-07,5,The faculty members are very supportive.
FB10403,ST10020,2025-12-26,5,The workload is too high.
FB10404,ST10669,2026-04-19,3,The overall experience is average.
FB10405,ST10681,2025-08-22,5,I am satisfied with the learning experience.
FB10406,ST10927,2026-07-23,5,The courses are well structured and helpful.
FB10407,ST10490,2026-08-18,4,The academic resources are very helpful.
FB10408,ST10554,2026-01-21,5,The placement training has been useful.
FB10409,ST10125,2025-05-23,5,The faculty members are very supportive.
FB10410,ST10699,2025-09-16,4,The courses are well structured and helpful.
FB10411,ST10375,2025-04-08,4,The faculty members are very supportive.
FB10412,ST10862,2026-06-05,4,The faculty members are very supportive.
FB10413,ST10181,2024-12-28,4,The placement training has been useful.
FB10414,ST10307,2026-06-01,3,The overall experience is average.
FB10415,ST10646,2026-01-10,3,The learning experience is neither good nor bad.
FB10416,ST10087,2026-06-29,3,The practical sessions need complete overhaul.
FB10417,ST10753,2025-10-25,4,The courses are well structured and helpful.
FB10418,ST10026,2025-01-05,3,Some aspects of the program are useful.
FB10419,ST10245,2025-04-03,5,The courses are well structured and helpful.
FB10420,ST10512,2024-11-01,4,The placement training has been useful.
FB10421,ST10038,2025-08-18,4,The faculty members are very supportive.
FB10422,ST10416,2024-11-25,5,The academic resources are very helpful.
FB10423,ST10963,2026-03-16,3,Some aspects of the program are useful.
FB10424,ST10153,2025-03-06,3,The courses are okay but could be improved.
FB10425,ST10948,2026-03-04,4,The academic resources are very helpful.
FB10426,ST10501,2026-05-07,3,The learning experience is neither good nor bad.
FB10427,ST10929,2025-10-26,3,The placment training needs serious improvement.
FB10428,ST10249,2026-04-02,3,The courses are okay but could be improved.
FB10429,ST10015,2026-07-27,5,The courses are well structured and helpful.
FB10430,ST10841,2025-01-07,3,The learning experience is neither good nor bad.
FB10431,ST10626,2026-01-27,4,The practical sessions are excellent.
FB10432,ST10838,2026-07-17,4,The placment training needs serious improvement.
FB10433,ST10510,2025-05-05,4,The practical sessions are excellent.
FB10434,ST10065,2026-01-08,4,The practical sessions need complete overhaul.
FB10435,ST10346,2024-10-26,4,The academic resources need improvement.
FB10436,ST10695,2025-02-06,4,The courses are well structured and helpful.
FB10437,ST10330,2025-05-20,4,The workload is too high.
FB10438,ST10783,2025-02-07,5,I am satisfied with the learning experience.
FB10439,ST10065,2026-03-19,5,I am satisfied with the learning experience.
FB10440,ST10173,2026-06-25,3,Some aspects of the program are useful.
FB10441,ST10169,2025-04-13,4,The practical sessions are excellent.
FB10442,ST10137,2025-07-10,5,The academic resources are very helpful.
FB10443,ST10797,2026-04-22,4,The placement training has been useful.
FB10444,ST10007,2026-07-07,5,The courses are well structured and helpful.
FB10445,ST10427,2025-05-02,3,The learning experience is neither good nor bad.
FB10446,ST10709,2025-06-02,5,I am satisfied with the learning experience.
FB10447,ST10536,2025-03-08,4,I am satisfied with the learning experience.
FB10448,ST10626,2025-11-15,3,Some aspects of the program are useful.
FB10449,ST10185,2025-04-03,3,Some aspects of the program are useful.
FB10450,ST10974,2025-08-13,5,The faculty members are very supportive.
FB10451,ST10429,2026-06-10,4,I am satisfied with the learning experience.
FB10452,ST10121,2024-11-17,4,The placment training needs serious improvement.
FB10453,ST10634,2025-08-18,4,The practical sessions are excellent.
FB10454,ST10476,2024-09-28,3,The courses are okay but could be improved.
FB10455,ST10284,2026-06-21,4,The courses are well structured and helpful.
FB10456,ST10702,2025-12-23,4,The practical sessions need complete overhaul.
FB10457,ST10510,2025-11-14,4,The academic resources are very helpful.
FB10458,ST10056,2025-11-11,3,The facilities are satisfactor.
FB10459,ST10215,2025-12-13,5,The faculty members are very supportive.
FB10460,ST10045,2024-10-12,4,The courses are well structured and helpful.
FB10461,ST10162,2025-08-19,3,The learning experience is neither good nor bad.
FB10462,ST10528,2026-07-09,5,I am satisfied with the learning experience.
FB10463,ST10607,2025-01-16,4,The placement training has been useful.
FB10464,ST10766,2025-09-10,3,The facilities are satisfactor.
FB10465,ST10236,2024-11-19,3,The facilities are satisfactor.
FB10466,ST10234,2026-06-22,5,The academic resources are very helpful.
FB10467,ST10891,2026-01-28,4,I am satisfied with the learning experience.
FB10468,ST10483,2025-06-10,5,The courses are well structured and helpful.
FB10469,ST10149,2025-10-03,5,The practical sessions are excellent.
FB10470,ST10183,2025-04-06,5,I am satisfied with the learning experience.
FB10471,ST10738,2025-07-04,5,The faculty members are very supportive.
FB10472,ST10208,2024-09-28,4,The courses are well structured and helpful.
FB10473,ST10288,2026-06-25,5,The placement training has been useful.
FB10474,ST10429,2026-06-12,4,The faculty members are very supportive.
FB10475,ST10908,2024-12-13,4,I am satisfied with the learning experience.
FB10476,ST10592,2024-12-02,4,The workload is too high.
FB10477,ST10089,2025-01-20,5,The practical sessions are excellent.
FB10478,ST10883,2025-05-11,5,The placement opportunities are not sufficient.
FB10479,ST10485,2025-07-01,5,The faculty support could be better.
FB10480,ST10015,2025-11-03,3,The courses are okay but could be improved.
FB10481,ST10254,2026-07-12,4,The practical sessions are excellent.
FB10482,ST10914,2026-07-23,4,The workload is too high.
FB10483,ST10936,2025-08-08,5,The courses are well structured and helpful.
FB10484,ST10046,2024-12-07,4,The placement training has been useful.
FB10485,ST10436,2025-04-20,4,The placement training has been useful.
FB10486,ST10464,2026-06-18,4,The courses are well structured and helpful.
FB10487,ST10710,2026-02-24,3,The courses are okay but could be improved.
FB10488,ST10136,2025-01-05,4,I am satisfied with the learning experience.
FB10489,ST10017,2026-04-15,4,The faculty members are very supportive.
FB10490,ST10721,2024-10-19,4,The practical sessions are excellent.
FB10491,ST11000,2025-08-31,5,I am satisfied with the learning experience.
FB10492,ST10190,2025-05-03,3,The facilities are satisfactor.
FB10493,ST10642,2025-12-21,4,The academic resources are very helpful.
FB10494,ST10882,2025-01-02,3,The learning experience is neither good nor bad.
FB10495,ST10915,2025-04-18,3,Some aspects of the program are useful.
FB10496,ST10034,2025-12-23,4,The faculty members are very supportive.
FB10497,ST10807,2024-10-02,3,Some aspects of the program are useful.
FB10498,ST10902,2024-08-21,5,The courses are well structured and helpful.
FB10499,ST10910,2025-08-04,5,The placement training has been useful.
FB10500,ST10477,2025-03-18,3,The facilities are satisfactor.
FB10501,ST10376,2025-01-27,4,The practical sessions are excellent.
FB10502,ST10575,2026-04-01,3,The courses are okay but could be improved.
FB10503,ST10142,2026-04-10,3,The workload is too high.
FB10504,ST10553,2024-12-26,4,The placement training has been useful.
FB10505,ST10772,2025-11-08,3,The courses are okay but could be improved.
FB10506,ST10329,2026-04-03,5,The faculty members are very supportive.
FB10507,ST10284,2024-12-19,5,The faculty members are very supportive.
FB10508,ST10464,2025-09-02,4,The practical sessions are excellent.
FB10509,ST10482,2026-04-19,3,Some aspects of the program are useful.
FB10510,ST10922,2026-04-03,5,The practical sessions are excellent.
FB10511,ST10820,2026-04-15,3,The overall experience is average.
FB10512,ST10193,2024-10-25,3,The practical sessions need complete overhaul.
FB10513,ST10090,2024-11-26,5,I am satisfied with the learning experience.
FB10514,ST10982,2025-12-08,5,The placment training needs serious improvement.
FB10515,ST10169,2025-07-20,4,The academic resources are very helpful.
FB10516,ST10509,2025-12-23,4,I am satisfied with the learning experience.
FB10517,ST10301,2025-07-17,4,The academic resources are very helpful.
FB10518,ST10486,2025-06-27,4,The placement training has been useful.
FB10519,ST10299,2025-07-17,4,The courses are well structured and helpful.
FB10520,ST10855,2025-08-23,4,The academic resources need improvement.
FB10521,ST10344,2025-06-11,5,The faculty members are very supportive.
FB10522,ST10498,2024-08-21,5,The academic resources are very helpful.
FB10523,ST10469,2024-09-16,5,I am satisfied with the learning experience.
FB10524,ST10176,2025-10-06,3,The courses are okay but could be improved.
FB10525,ST10496,2025-01-19,4,The faculty members are very supportive.
FB10526,ST10152,2026-03-08,4,The placement training has been useful.
FB10527,ST10634,2025-06-03,4,The academic resources need improvement.
FB10528,ST10549,2024-08-28,4,I am satisfied with the learning experience.
FB10529,ST10166,2026-07-11,5,The courses are well structured and helpful.
FB10530,ST10589,2025-04-25,5,The faculty members are very supportive.
FB10531,ST10189,2026-03-28,4,The academic resources are very helpful.
FB10532,ST10682,2026-05-27,4,The faculty members are very supportive.
FB10533,ST10382,2025-10-04,5,I am satisfied with the learning experience.
FB10534,ST10125,2025-01-13,5,The practical sessions need complete overhaul.
FB10535,ST10954,2024-08-31,5,I am satisfied with the learning experience.
FB10536,ST10951,2026-01-25,5,The courses are well structured and helpful.
FB10537,ST10663,2024-08-21,3,The learning experience is neither good nor bad.
FB10538,ST10918,2025-12-17,4,The practical sessions are excellent.
FB10539,ST10819,2026-03-10,5,The placement training has been useful.
FB10540,ST10706,2025-02-27,4,The placement training has been useful.
FB10541,ST10143,2025-02-09,3,The overall experience is average.
FB10542,ST10316,2026-02-07,4,The practical sessions are excellent.
FB10543,ST10457,2026-06-30,4,The faculty members are very supportive.
FB10544,ST10623,2025-05-12,3,Some aspects of the program are useful.
FB10545,ST10540,2025-04-17,4,The faculty members are very supportive.
FB10546,ST10024,2024-11-26,4,The placement training has been useful.
FB10547,ST11000,2024-11-05,5,I am satisfied with the learning experience.
FB10548,ST10326,2025-06-11,3,Some aspects of the program are useful.
FB10549,ST10967,2025-09-12,5,The academic resources are very helpful.
FB10550,ST10408,2025-11-18,5,The placement training has been useful.
FB10551,ST10396,2025-04-12,5,The faculty members are very supportive.
FB10552,ST10360,2024-12-25,4,The placement training has been useful.
FB10553,ST10221,2024-10-07,3,The learning experience is neither good nor bad.
FB10554,ST10760,2026-05-19,3,The practical sessions need complete overhaul.
FB10555,ST10296,2024-09-22,5,The academic resources are very helpful.
FB10556,ST10747,2025-04-06,5,The workload is too high.
FB10557,ST10856,2025-03-31,4,The courses are well structured and helpful.
FB10558,ST10213,2025-08-07,5,The practical sessions are excellent.
FB10559,ST10068,2026-03-06,5,The placement opportunities are not sufficient.
FB10560,ST10775,2025-09-26,5,The courses are well structured and helpful.
FB10561,ST10655,2025-11-24,5,The practical sessions need complete overhaul.
FB10562,ST10180,2025-09-29,4,The academic resources are very helpful.
FB10563,ST10205,2025-05-07,5,The placement training has been useful.
FB10564,ST10568,2025-07-20,5,The faculty members are very supportive.
FB10565,ST10506,2026-07-08,4,The placement training has been useful.
FB10566,ST10028,2026-02-02,3,The courses are okay but could be improved.
FB10567,ST10269,2024-11-29,5,The academic resources are very helpful.
FB10568,ST10128,2025-05-11,3,The facilities are satisfactor.
FB10569,ST10428,2026-07-19,4,The academic resources are very helpful.
FB10570,ST10030,2025-09-02,5,The faculty members are very supportive.
FB10571,ST10994,2025-05-24,5,The academic resources are very helpful.
FB10572,ST10596,2026-03-23,5,The placement training has been useful.
FB10573,ST10644,2025-01-11,3,The overall experience is average.
FB10574,ST10383,2024-12-24,4,The practical sessions are excellent.
FB10575,ST10866,2026-07-23,4,The practical sessions are excellent.
FB10576,ST10150,2026-08-01,4,The academic resources are very helpful.
FB10577,ST10366,2026-05-10,5,The faculty members are very supportive.
FB10578,ST10430,2025-06-27,3,The facilities are satisfactor.
FB10579,ST10050,2024-09-01,4,The practical sessions are excellent.
FB10580,ST10527,2025-02-11,4,The academic resources are very helpful.
FB10581,ST10784,2025-02-08,5,I am satisfied with the learning experience.
FB10582,ST10894,2026-03-05,5,The academic resources are very helpful.
FB10583,ST10278,2024-11-27,3,The facilities are satisfactor.
FB10584,ST10099,2025-01-29,4,The faculty members are very supportive.
FB10585,ST10014,2026-03-11,5,The faculty members are very supportive.
FB10586,ST10798,2024-09-04,4,The faculty members are very supportive.
FB10587,ST10105,2025-11-19,4,The practical sessions are excellent.
FB10588,ST10852,2025-09-13,4,The practical sessions are excellent.
FB10589,ST10428,2024-12-27,4,The courses are well structured and helpful.
FB10590,ST10839,2024-11-21,5,The courses are well structured and helpful.
FB10591,ST10357,2025-05-29,4,The faculty members are very supportive.
FB10592,ST10837,2026-02-21,5,The practical sessions are excellent.
FB10593,ST10177,2026-01-05,3,The overall experience is average.
FB10594,ST10763,2026-04-25,3,The workload is too high.
FB10595,ST10132,2024-09-16,3,The workload is too high.
FB10596,ST10705,2025-06-05,4,I am satisfied with the learning experience.
FB10597,ST10134,2026-06-29,4,The practical sessions need complete overhaul.
FB10598,ST10708,2025-12-28,3,The overall experience is average.
FB10599,ST10080,2025-03-04,5,The placement training has been useful.
FB10600,ST10044,2026-04-09,4,The courses are well structured and helpful.
FB10601,ST10481,2025-10-07,4,The faculty members are very supportive.
FB10602,ST10068,2025-12-15,4,The courses are well structured and helpful.
FB10603,ST10802,2024-09-24,4,The practical sessions are excellent.
FB10604,ST10602,2025-11-22,4,The workload is too high.
FB10605,ST10687,2024-09-24,4,The courses are well structured and helpful.
FB10606,ST10867,2026-01-14,3,The facilities are satisfactor.
FB10607,ST10972,2024-11-09,4,The faculty members are very supportive.
FB10608,ST10876,2026-01-07,4,The academic resources are very helpful.
FB10609,ST10518,2026-05-29,4,The courses are well structured and helpful.
FB10610,ST10542,2024-09-02,5,I am satisfied with the learning experience.
FB10611,ST10176,2024-09-24,5,The placement opportunities are not sufficient.
FB10612,ST10005,2026-02-04,5,The placment training needs serious improvement.
FB10613,ST10947,2024-11-15,5,The practical sessions are excellent.
FB10614,ST10376,2025-07-07,3,The courses are okay but could be improved.
FB10615,ST10451,2025-07-29,3,The overall experience is average.
FB10616,ST10186,2025-06-09,3,The practical sessions need complete overhaul.
FB10617,ST10435,2024-11-21,5,I am satisfied with the learning experience.
FB10618,ST10116,2025-10-17,3,The facilities are satisfactor.
FB10619,ST10127,2025-03-02,4,The practical sessions are excellent.
FB10620,ST10508,2025-08-21,3,The facilities are satisfactor.
FB10621,ST10571,2026-02-14,3,The overall experience is average.
FB10622,ST10336,2024-12-14,5,The placement training has been useful.
FB10623,ST10468,2025-01-24,3,The facilities are satisfactor.
FB10624,ST10704,2026-02-08,3,The practical sessions need complete overhaul.
FB10625,ST10232,2026-02-01,5,The faculty members are very supportive.
FB10626,ST10194,2025-12-20,5,The practical sessions need complete overhaul.
FB10627,ST10962,2024-08-25,3,The courses are okay but could be improved.
FB10628,ST10014,2025-04-08,3,The practical sessions need complete overhaul.
FB10629,ST10689,2025-07-10,4,The placement training has been useful.
FB10630,ST10123,2026-01-13,4,The placement training has been useful.
FB10631,ST10760,2024-11-04,4,The workload is too high.
FB10632,ST10067,2026-01-14,5,I am satisfied with the learning experience.
FB10633,ST10206,2025-09-26,4,The placement training has been useful.
FB10634,ST10239,2025-03-15,4,The academic resources need improvement.
FB10635,ST10512,2025-12-14,5,The academic resources are very helpful.
FB10636,ST10775,2025-12-01,3,The learning experience is neither good nor bad.
FB10637,ST10365,2026-02-13,5,The practical sessions are excellent.
FB10638,ST10497,2024-12-02,5,I am satisfied with the learning experience.
FB10639,ST10111,2025-07-09,5,The placement training has been useful.
FB10640,ST10237,2026-05-25,3,The courses are okay but could be improved.
FB10641,ST10031,2026-07-16,4,The courses are well structured and helpful.
FB10642,ST10511,2024-11-07,3,The courses are okay but could be improved.
FB10643,ST10392,2025-09-19,3,The facilities are satisfactor.
FB10644,ST10157,2026-02-27,4,The practical sessions are excellent.
FB10645,ST10779,2025-12-10,5,The practical sessions are excellent.
FB10646,ST10812,2024-11-17,5,The faculty members are very supportive.
FB10647,ST10503,2025-03-25,5,The practical sessions are excellent.
FB10648,ST10829,2024-11-14,5,The placement opportunities are not sufficient.
FB10649,ST10019,2026-04-19,5,The placment training needs serious improvement.
FB10650,ST10441,2024-11-08,5,The placment training needs serious improvement.
FB10651,ST10393,2025-09-08,5,The placement training has been useful.
FB10652,ST10471,2025-01-19,5,I am satisfied with the learning experience.
FB10653,ST10906,2025-12-04,3,The learning experience is neither good nor bad.
FB10654,ST10442,2025-01-20,5,The academic resources are very helpful.
FB10655,ST10500,2026-04-14,3,Some aspects of the program are useful.
FB10656,ST10692,2025-03-10,5,The practical sessions are excellent.
FB10657,ST10488,2026-05-25,4,I am satisfied with the learning experience.
FB10658,ST10401,2025-09-28,5,The practical sessions are excellent.
FB10659,ST10632,2025-01-21,3,The facilities are satisfactor.
FB10660,ST10329,2025-05-23,4,The practical sessions are excellent.
FB10661,ST10132,2026-02-15,4,The faculty support could be better.
FB10662,ST10829,2025-07-02,3,The overall experience is average.
FB10663,ST10784,2025-04-04,3,The faculty support could be better.
FB10664,ST10390,2024-12-20,5,The faculty members are very supportive.
FB10665,ST10422,2024-09-17,4,The academic resources are very helpful.
FB10666,ST10254,2025-10-17,4,The faculty members are very supportive.
FB10667,ST10933,2025-09-07,3,The facilities are satisfactor.
FB10668,ST10118,2026-07-26,5,The courses are well structured and helpful.
FB10669,ST10039,2025-01-26,5,The placement training has been useful.
FB10670,ST10274,2026-02-03,4,The placement training has been useful.
FB10671,ST10325,2026-08-12,5,The placement training has been useful.
FB10672,ST10587,2025-08-26,4,The placement training has been useful.
FB10673,ST10708,2025-05-01,3,The facilities are satisfactor.
FB10674,ST10509,2025-02-16,5,The academic resources are very helpful.
FB10675,ST10171,2024-08-20,3,The facilities are satisfactor.
FB10676,ST10993,2024-08-27,4,The placement training has been useful.
FB10677,ST10861,2026-01-21,4,The workload is too high.
FB10678,ST10295,2024-10-26,5,The faculty members are very supportive.
FB10679,ST10824,2026-07-23,4,The academic resources are very helpful.
FB10680,ST10735,2024-11-11,4,The placment training needs serious improvement.
FB10681,ST10607,2026-05-28,5,The courses are well structured and helpful.
FB10682,ST10438,2025-11-06,5,The courses are well structured and helpful.
FB10683,ST10517,2026-01-19,5,The practical sessions need complete overhaul.
FB10684,ST10680,2025-09-05,5,I am satisfied with the learning experience.
FB10685,ST10412,2024-12-11,5,The practical sessions are excellent.
FB10686,ST10688,2024-10-26,3,The courses are okay but could be improved.
FB10687,ST10903,2026-04-15,4,The academic resources are very helpful.
FB10688,ST10591,2025-09-19,5,The academic resources are very helpful.
FB10689,ST10275,2024-10-15,5,The placement opportunities are not sufficient.
FB10690,ST10829,2026-03-03,3,The learning experience is neither good nor bad.
FB10691,ST10958,2026-03-03,4,The academic resources are very helpful.
FB10692,ST10535,2024-11-04,4,The placement training has been useful.
FB10693,ST10247,2026-07-21,5,The academic resources are very helpful.
FB10694,ST10865,2025-03-04,4,The faculty members are very supportive.
FB10695,ST10650,2025-12-31,5,The placement training has been useful.
FB10696,ST10844,2025-02-13,5,I am satisfied with the learning experience.
FB10697,ST10704,2025-08-07,3,The learning experience is neither good nor bad.
FB10698,ST10245,2025-04-04,4,I am satisfied with the learning experience.
FB10699,ST10252,2025-03-11,3,The facilities are satisfactor.
FB10700,ST10476,2025-08-13,5,The placement training has been useful.
FB10701,ST10663,2024-09-25,5,The workload is too high.
FB10702,ST10164,2024-11-03,5,The courses are well structured and helpful.
FB10703,ST10809,2026-05-11,5,The academic resources need improvement.
FB10704,ST10564,2024-12-31,5,The courses are well structured and helpful.
FB10705,ST10802,2026-06-27,5,The courses are well structured and helpful.
FB10706,ST10617,2024-09-17,5,The courses are well structured and helpful.
FB10707,ST10919,2026-06-10,4,The academic resources are very helpful.
FB10708,ST10407,2025-03-31,4,The academic resources need improvement.
FB10709,ST10863,2025-05-24,4,The courses are well structured and helpful.
FB10710,ST10535,2026-05-02,3,Some aspects of the program are useful.
FB10711,ST10973,2026-01-25,3,Some aspects of the program are useful.
FB10712,ST10258,2025-04-17,4,The courses are well structured and helpful.
FB10713,ST10615,2025-07-14,5,The faculty members are very supportive.
FB10714,ST10853,2026-03-14,4,The placement training has been useful.
FB10715,ST10958,2024-11-16,4,I am satisfied with the learning experience.
FB10716,ST10180,2024-10-30,5,The faculty members are very supportive.
FB10717,ST10419,2026-06-10,4,The practical sessions are excellent.
FB10718,ST10503,2026-03-29,4,The academic resources are very helpful.
FB10719,ST10325,2026-07-10,4,The placement training has been useful.
FB10720,ST10987,2024-09-22,5,I am satisfied with the learning experience.
FB10721,ST10487,2024-08-25,3,The facilities are satisfactor.
FB10722,ST10022,2026-06-10,3,Some aspects of the program are useful.
FB10723,ST10036,2024-12-03,3,The academic resources need improvement.
FB10724,ST10819,2026-01-15,3,The academic resources need improvement.
FB10725,ST10940,2026-01-02,3,The courses are okay but could be improved.
FB10726,ST10260,2024-12-28,5,The faculty members are very supportive.
FB10727,ST10925,2025-04-30,5,The placment training needs serious improvement.
FB10728,ST10548,2025-05-22,5,The practical sessions need complete overhaul.
FB10729,ST10398,2026-07-13,5,The placement training has been useful.
FB10730,ST10309,2025-07-23,5,I am satisfied with the learning experience.
FB10731,ST10216,2025-12-13,5,The workload is too high.
FB10732,ST10938,2025-03-14,5,The faculty members are very supportive.
FB10733,ST10809,2026-07-01,5,The courses are well structured and helpful.
FB10734,ST10483,2026-03-10,3,The facilities are satisfactor.
FB10735,ST10735,2024-10-29,4,The courses are well structured and helpful.
FB10736,ST10716,2025-06-03,5,The courses are well structured and helpful.
FB10737,ST10431,2026-05-13,3,Some aspects of the program are useful.
FB10738,ST10756,2025-05-11,4,The academic resources are very helpful.
FB10739,ST10781,2025-01-07,4,The academic resources are very helpful.
FB10740,ST10646,2024-11-14,4,The academic resources are very helpful.
FB10741,ST10004,2025-06-25,5,The academic resources are very helpful.
FB10742,ST10322,2025-06-24,4,The courses are well structured and helpful.
FB10743,ST10256,2025-08-07,4,The academic resources are very helpful.
FB10744,ST10868,2025-03-17,5,The placement training has been useful.
FB10745,ST10463,2026-05-29,4,The academic resources are very helpful.
FB10746,ST10267,2025-06-13,5,The practical sessions are excellent.
FB10747,ST10819,2026-02-04,5,The courses are well structured and helpful.
FB10748,ST10377,2026-06-09,4,The placement training has been useful.
FB10749,ST10022,2025-08-24,4,The placement opportunities are not sufficient.
FB10750,ST10663,2026-05-01,3,The courses are okay but could be improved.
FB10751,ST10929,2025-07-11,4,The placement training has been useful.
FB10752,ST10269,2026-01-03,3,The courses are okay but could be improved.
FB10753,ST10051,2026-07-07,5,The placement training has been useful.
FB10754,ST10153,2026-04-28,4,The faculty members are very supportive.
FB10755,ST10970,2024-12-25,5,The courses are well structured and helpful.
FB10756,ST10792,2024-11-13,5,The practical sessions need complete overhaul.
FB10757,ST10848,2024-11-28,3,The overall experience is average.
FB10758,ST10230,2026-02-09,3,The courses are okay but could be improved.
FB10759,ST10969,2026-03-05,3,The faculty support could be better.
FB10760,ST10295,2024-10-02,3,The learning experience is neither good nor bad.
FB10761,ST10134,2026-06-04,4,I am satisfied with the learning experience.
FB10762,ST10844,2024-12-19,4,The academic resources are very helpful.
FB10763,ST10429,2024-11-06,4,I am satisfied with the learning experience.
FB10764,ST10298,2025-07-07,4,The workload is too high.
FB10765,ST10633,2026-07-26,5,I am satisfied with the learning experience.
FB10766,ST10597,2025-11-19,3,The learning experience is neither good nor bad.
FB10767,ST10088,2025-08-27,5,I am satisfied with the learning experience.
FB10768,ST10998,2026-05-03,3,The courses are okay but could be improved.
FB10769,ST10731,2025-11-02,5,The placement training has been useful.
FB10770,ST10075,2026-01-26,4,The courses are well structured and helpful.
FB10771,ST10341,2025-07-24,4,The practical sessions need complete overhaul.
FB10772,ST10931,2025-01-05,4,The practical sessions are excellent.
FB10773,ST10006,2025-12-05,5,The practical sessions are excellent.
FB10774,ST10310,2025-06-08,5,The academic resources need improvement.
FB10775,ST10380,2026-04-15,4,The practical sessions are excellent.
FB10776,ST10595,2025-05-23,5,I am satisfied with the learning experience.
FB10777,ST10953,2025-12-05,4,The placement training has been useful.
FB10778,ST10092,2024-09-09,5,The practical sessions are excellent.
FB10779,ST10146,2026-06-18,4,The faculty members are very supportive.
FB10780,ST10131,2026-01-31,5,The faculty members are very supportive.
FB10781,ST10949,2026-07-02,5,The faculty members are very supportive.
FB10782,ST10530,2026-05-31,5,I am satisfied with the learning experience.
FB10783,ST10755,2026-03-05,5,The workload is too high.
FB10784,ST10570,2026-07-11,5,The academic resources need improvement.
FB10785,ST10652,2024-11-27,3,The overall experience is average.
FB10786,ST10194,2025-08-28,4,I am satisfied with the learning experience.
FB10787,ST10037,2026-08-02,5,I am satisfied with the learning experience.
FB10788,ST10447,2025-09-01,4,The placement training has been useful.
FB10789,ST10453,2024-11-13,5,The academic resources are very helpful.
FB10790,ST10469,2026-07-08,4,The academic resources are very helpful.
FB10791,ST10127,2025-07-03,5,I am satisfied with the learning experience.
FB10792,ST10185,2025-07-26,5,The academic resources need improvement.
FB10793,ST10521,2024-09-22,5,The placement opportunities are not sufficient.
FB10794,ST10913,2024-10-06,3,The courses are okay but could be improved.
FB10795,ST10598,2025-03-09,3,The placment training needs serious improvement.
FB10796,ST10539,2026-01-08,3,The courses are okay but could be improved.
FB10797,ST10427,2025-04-19,3,The workload is too high.
FB10798,ST10787,2024-08-27,5,The courses are well structured and helpful.
FB10799,ST10027,2026-02-16,4,The academic resources are very helpful.
FB10800,ST10404,2026-06-23,5,The courses are well structured and helpful.
FB10801,ST10158,2026-01-26,5,The placement training has been useful.
FB10802,ST10465,2025-09-29,3,The facilities are satisfactor.
FB10803,ST10609,2026-04-06,3,The facilities are satisfactor.
FB10804,ST10994,2026-03-18,5,The practical sessions are excellent.
FB10805,ST10333,2025-11-08,5,The academic resources need improvement.
FB10806,ST10929,2026-03-03,5,The placement opportunities are not sufficient.
FB10807,ST10133,2025-10-30,5,The courses are well structured and helpful.
FB10808,ST10331,2025-02-07,3,The overall experience is average.
FB10809,ST10561,2026-01-20,3,The practical sessions need complete overhaul.
FB10810,ST10095,2026-06-27,4,I am satisfied with the learning experience.
FB10811,ST10989,2025-05-07,3,The learning experience is neither good nor bad.
FB10812,ST10092,2025-09-25,4,I am satisfied with the learning experience.
FB10813,ST10398,2025-09-28,3,The facilities are satisfactor.
FB10814,ST10663,2026-02-03,3,The courses are okay but could be improved.
FB10815,ST10124,2026-02-13,5,The placement training has been useful.
FB10816,ST10926,2025-12-11,3,The courses are okay but could be improved.
FB10817,ST10368,2024-10-30,3,The facilities are satisfactor.
FB10818,ST10525,2025-07-20,5,The placement training has been useful.
FB10819,ST10488,2026-01-13,5,The practical sessions are excellent.
FB10820,ST10093,2026-03-05,3,The facilities are satisfactor.
FB10821,ST10629,2025-02-27,5,The academic resources are very helpful.
FB10822,ST10096,2025-08-27,5,The faculty members are very supportive.
FB10823,ST10693,2025-05-13,4,The academic resources are very helpful.
FB10824,ST10954,2026-01-15,4,The academic resources are very helpful.
FB10825,ST10298,2026-01-25,5,The courses are well structured and helpful.
FB10826,ST10308,2025-12-29,5,I am satisfied with the learning experience.
FB10827,ST10862,2025-06-12,5,The placement training has been useful.
FB10828,ST10583,2024-12-11,4,The courses are well structured and helpful.
FB10829,ST10526,2026-05-31,5,The placement training has been useful.
FB10830,ST10097,2026-05-21,5,The academic resources are very helpful.
FB10831,ST10364,2025-10-25,4,The courses are well structured and helpful.
FB10832,ST10117,2026-07-11,3,The learning experience is neither good nor bad.
FB10833,ST10184,2025-12-07,3,The learning experience is neither good nor bad.
FB10834,ST10047,2024-09-29,5,The academic resources are very helpful.
FB10835,ST10322,2024-08-27,5,The placement training has been useful.
FB10836,ST10639,2025-12-30,5,The faculty support could be better.
FB10837,ST10990,2026-08-13,5,The workload is too high.
FB10838,ST10217,2024-12-17,5,The academic resources are very helpful.
FB10839,ST10893,2025-09-14,3,The learning experience is neither good nor bad.
FB10840,ST10548,2026-06-08,4,The placement training has been useful.
FB10841,ST10014,2025-08-17,5,The placement training has been useful.
FB10842,ST10709,2026-06-10,5,The academic resources are very helpful.
FB10843,ST10311,2025-09-07,3,Some aspects of the program are useful.
FB10844,ST10370,2026-06-24,3,The learning experience is neither good nor bad.
FB10845,ST10824,2024-12-24,4,I am satisfied with the learning experience.
FB10846,ST10015,2024-10-15,4,The courses are well structured and helpful.
FB10847,ST10880,2026-03-24,4,The placement training has been useful.
FB10848,ST10666,2025-09-03,4,The academic resources are very helpful.
FB10849,ST10089,2025-04-24,4,The placement training has been useful.
FB10850,ST10486,2025-02-21,4,The courses are well structured and helpful.
FB10851,ST10925,2025-05-02,5,The academic resources are very helpful.
FB10852,ST10987,2025-03-22,5,The courses are well structured and helpful.
FB10853,ST10600,2024-09-26,5,The faculty members are very supportive.
FB10854,ST10053,2025-09-15,5,The courses are well structured and helpful.
FB10855,ST10426,2025-02-06,5,The academic resources need improvement.
FB10856,ST10593,2025-10-19,5,The practical sessions are excellent.
FB10857,ST10038,2025-12-30,5,The placement training has been useful.
FB10858,ST10238,2025-06-08,3,Some aspects of the program are useful.
FB10859,ST10020,2025-06-27,4,The faculty members are very supportive.
FB10860,ST10275,2026-05-14,4,The practical sessions need complete overhaul.
FB10861,ST10911,2025-02-16,5,The placement training has been useful.
FB10862,ST10460,2024-10-18,3,The overall experience is average.
FB10863,ST10166,2025-08-09,5,I am satisfied with the learning experience.
FB10864,ST10353,2025-07-29,4,The practical sessions are excellent.
FB10865,ST10602,2026-05-02,4,The faculty support could be better.
FB10866,ST10944,2025-11-06,3,The learning experience is neither good nor bad.
FB10867,ST10135,2025-08-01,3,The academic resources need improvement.
FB10868,ST10729,2024-10-25,5,The placement training has been useful.
FB10869,ST10816,2026-06-14,4,I am satisfied with the learning experience.
FB10870,ST10290,2025-09-09,3,The overall experience is average.
FB10871,ST10684,2025-07-31,4,I am satisfied with the learning experience.
FB10872,ST10161,2025-04-20,3,The overall experience is average.
FB10873,ST10813,2024-11-18,5,The placement training has been useful.
FB10874,ST10241,2025-09-08,4,The courses are well structured and helpful.
FB10875,ST10368,2026-03-19,4,The faculty support could be better.
FB10876,ST10694,2026-01-07,4,The practical sessions are excellent.
FB10877,ST10827,2024-08-31,4,The placement training has been useful.
FB10878,ST10633,2024-11-05,4,The practical sessions are excellent.
FB10879,ST10499,2025-06-27,5,The faculty members are very supportive.
FB10880,ST10788,2025-07-04,5,The practical sessions are excellent.
FB10881,ST10918,2024-09-14,4,The academic resources are very helpful.
FB10882,ST10724,2025-10-24,5,The placement training has been useful.
FB10883,ST10986,2025-10-18,5,The placment training needs serious improvement.
FB10884,ST10999,2024-08-18,4,The practical sessions are excellent.
FB10885,ST10844,2026-05-21,4,The practical sessions are excellent.
FB10886,ST10172,2024-10-27,3,The courses are okay but could be improved.
FB10887,ST10933,2026-04-24,5,The academic resources are very helpful.
FB10888,ST10726,2025-11-30,5,The practical sessions are excellent.
FB10889,ST10751,2025-12-11,5,The workload is too high.
FB10890,ST10663,2025-12-26,4,I am satisfied with the learning experience.
FB10891,ST10869,2025-04-11,4,The placement training has been useful.
FB10892,ST10252,2026-07-10,4,The practical sessions need complete overhaul.
FB10893,ST10350,2025-09-16,4,I am satisfied with the learning experience.
FB10894,ST10273,2025-10-28,5,The placement training has been useful.
FB10895,ST10645,2025-01-25,3,The courses are okay but could be improved.
FB10896,ST10772,2026-01-08,3,The learning experience is neither good nor bad.
FB10897,ST10807,2026-01-21,5,The placement training has been useful.
FB10898,ST10941,2025-08-07,5,The placement training has been useful.
FB10899,ST10967,2025-05-09,4,I am satisfied with the learning experience.
FB10900,ST10735,2025-05-27,4,The placment training needs serious improvement.
FB10901,ST10087,2026-05-21,4,The placement training has been useful.
FB10902,ST10445,2024-09-29,4,The courses are well structured and helpful.
FB10903,ST10925,2026-05-14,5,The academic resources are very helpful.
FB10904,ST10430,2025-02-07,5,The academic resources are very helpful.
FB10905,ST10739,2026-06-04,3,The facilities are satisfactor.
FB10906,ST10009,2025-08-05,3,The placement opportunities are not sufficient.
FB10907,ST10626,2025-05-02,3,The academic resources need improvement.
FB10908,ST10414,2025-10-27,5,I am satisfied with the learning experience.
FB10909,ST10715,2026-04-06,5,The academic resources are very helpful.
FB10910,ST10795,2025-12-12,4,The faculty members are very supportive.
FB10911,ST10038,2025-11-26,4,The placement training has been useful.
FB10912,ST10533,2025-08-20,4,The faculty support could be better.
FB10913,ST10219,2026-02-25,5,The practical sessions are excellent.
FB10914,ST10534,2026-01-10,4,The academic resources are very helpful.
FB10915,ST10024,2025-05-27,5,The practical sessions are excellent.
FB10916,ST10248,2026-02-25,5,The faculty support could be better.
FB10917,ST10744,2025-08-04,4,The practical sessions are excellent.
FB10918,ST10750,2024-11-14,5,The faculty members are very supportive.
FB10919,ST10643,2024-11-01,4,The courses are well structured and helpful.
FB10920,ST10775,2026-03-30,3,The overall experience is average.
FB10921,ST10460,2026-01-11,4,The academic resources are very helpful.
FB10922,ST10465,2025-02-06,4,I am satisfied with the learning experience.
FB10923,ST10359,2024-08-19,4,The academic resources are very helpful.
FB10924,ST10732,2025-05-10,4,The academic resources are very helpful.
FB10925,ST10108,2025-05-20,4,The practical sessions are excellent.
FB10926,ST10843,2026-05-24,3,The learning experience is neither good nor bad.
FB10927,ST10101,2025-12-23,5,The placement training has been useful.
FB10928,ST10084,2026-05-01,4,The placement training has been useful.
FB10929,ST10488,2025-04-01,5,The courses are well structured and helpful.
FB10930,ST10694,2025-10-17,5,The practical sessions are excellent.
FB10931,ST10893,2025-09-27,5,The placement training has been useful.
FB10932,ST10451,2025-06-04,3,The learning experience is neither good nor bad.
FB10933,ST10750,2026-02-14,3,The workload is too high.
FB10934,ST10148,2024-11-08,5,The placement training has been useful.
FB10935,ST10133,2024-09-22,5,The placement opportunities are not sufficient.
FB10936,ST10884,2026-07-15,4,The academic resources are very helpful.
FB10937,ST10467,2024-12-23,4,The academic resources are very helpful.
FB10938,ST10967,2025-09-04,5,The courses are well structured and helpful.
FB10939,ST10113,2024-12-05,5,The practical sessions are excellent.
FB10940,ST10042,2026-05-18,5,The courses are well structured and helpful.
FB10941,ST10313,2026-02-25,5,The faculty support could be better.
FB10942,ST10302,2026-03-17,4,I am satisfied with the learning experience.
FB10943,ST10803,2026-03-01,5,The courses are well structured and helpful.
FB10944,ST10911,2025-07-01,5,I am satisfied with the learning experience.
FB10945,ST10003,2024-11-09,4,The faculty members are very supportive.
FB10946,ST10892,2025-03-03,5,The placement training has been useful.
FB10947,ST10580,2025-12-05,5,The faculty members are very supportive.
FB10948,ST10487,2025-01-17,5,The placement opportunities are not sufficient.
FB10949,ST10136,2025-01-10,3,Some aspects of the program are useful.
FB10950,ST10652,2024-11-19,5,The placement training has been useful.
FB10951,ST10153,2026-08-10,5,The faculty support could be better.
FB10952,ST10092,2026-06-10,3,Some aspects of the program are useful.
FB10953,ST10420,2025-06-19,5,The placement training has been useful.
FB10954,ST10554,2025-02-01,5,The academic resources are very helpful.
FB10955,ST10754,2025-08-07,4,The courses are well structured and helpful.
FB10956,ST10725,2026-05-20,5,The academic resources are very helpful.
FB10957,ST10575,2026-04-16,3,Some aspects of the program are useful.
FB10958,ST10088,2025-01-13,4,The practical sessions are excellent.
FB10959,ST10981,2026-02-25,5,I am satisfied with the learning experience.
FB10960,ST10515,2025-05-07,5,The placment training needs serious improvement.
FB10961,ST10675,2024-11-09,5,The workload is too high.
FB10962,ST10986,2026-03-29,4,I am satisfied with the learning experience.
FB10963,ST10850,2025-07-05,3,Some aspects of the program are useful.
FB10964,ST10455,2024-09-23,5,The practical sessions are excellent.
FB10965,ST10412,2026-08-07,4,The placement training has been useful.
FB10966,ST10349,2025-12-22,4,The placement training has been useful.
FB10967,ST10881,2026-05-30,5,The placement training has been useful.
FB10968,ST10094,2026-01-22,4,The courses are well structured and helpful.
FB10969,ST10293,2025-11-18,4,The faculty members are very supportive.
FB10970,ST10158,2024-11-21,4,The placement training has been useful.
FB10971,ST10061,2026-04-09,3,The facilities are satisfactor.
FB10972,ST10186,2026-07-11,5,The courses are well structured and helpful.
FB10973,ST10400,2025-08-02,5,I am satisfied with the learning experience.
FB10974,ST10915,2025-08-08,4,The placement training has been useful.
FB10975,ST10054,2026-01-11,4,The practical sessions are excellent.
FB10976,ST10505,2025-11-18,5,The practical sessions are excellent.
FB10977,ST10973,2025-09-13,5,The courses are well structured and helpful.
FB10978,ST10476,2024-11-30,5,The courses are well structured and helpful.
FB10979,ST10030,2025-09-09,4,I am satisfied with the learning experience.
FB10980,ST10276,2024-08-21,4,The practical sessions are excellent.
FB10981,ST10253,2025-10-03,3,The courses are okay but could be improved.
FB10982,ST10312,2026-03-12,4,The placement training has been useful.
FB10983,ST10867,2024-09-24,3,The courses are okay but could be improved.
FB10984,ST10802,2025-10-21,3,The faculty support could be better.
FB10985,ST10554,2026-08-14,3,The workload is too high.
FB10986,ST10551,2025-07-20,3,The placement opportunities are not sufficient.
FB10987,ST10463,2026-05-31,5,The placement training has been useful.
FB10988,ST10669,2025-11-15,5,The placment training needs serious improvement.
FB10989,ST10062,2025-08-28,5,The practical sessions need complete overhaul.
FB10990,ST10280,2026-08-05,5,The academic resources are very helpful.
FB10991,ST10360,2025-09-16,5,The workload is too high.
FB10992,ST10600,2026-04-16,5,The faculty support could be better.
FB10993,ST10047,2026-08-03,4,The practical sessions are excellent.
FB10994,ST10308,2026-07-25,4,The academic resources are very helpful.
FB10995,ST10851,2025-01-02,5,The practical sessions are excellent.
FB10996,ST10900,2026-02-06,5,The practical sessions are excellent.
FB10997,ST10906,2025-11-10,3,The facilities are satisfactor.
FB10998,ST10651,2024-12-30,5,The academic resources are very helpful.
FB10999,ST10280,2026-03-08,5,The faculty members are very supportive.
FB11000,ST10216,2026-05-13,5,The practical sessions are excellent.
FB11001,ST10017,2024-11-25,5,The workload is too high.
FB11002,ST10662,2024-11-06,5,The placement opportunities are not sufficient.
FB11003,ST10488,2025-06-14,4,The courses are well structured and helpful.
FB11004,ST10424,2026-01-10,5,The academic resources are very helpful.
FB11005,ST10781,2025-11-27,4,The courses are well structured and helpful.
FB11006,ST10552,2025-12-01,5,The academic resources are very helpful.
FB11007,ST10689,2026-07-04,5,The placement training has been useful.
FB11008,ST10397,2025-04-24,4,The academic resources are very helpful.
FB11009,ST10128,2025-09-13,5,I am satisfied with the learning experience.
FB11010,ST10010,2026-07-03,5,The courses are well structured and helpful.
FB11011,ST10697,2025-06-12,5,The faculty support could be better.
FB11012,ST10197,2025-07-09,5,The practical sessions are excellent.
FB11013,ST10828,2025-12-04,3,The courses are okay but could be improved.
FB11014,ST10506,2026-07-30,3,The placment training needs serious improvement.
FB11015,ST10288,2026-02-06,4,The academic resources are very helpful.
FB11016,ST10008,2026-04-02,5,The academic resources are very helpful.
FB11017,ST10114,2025-02-26,5,The placement opportunities are not sufficient.
FB11018,ST10513,2025-03-18,4,The practical sessions are excellent.
FB11019,ST10676,2025-06-23,3,Some aspects of the program are useful.
FB11020,ST10579,2025-05-11,4,The practical sessions are excellent.
FB11021,ST10764,2025-04-03,4,The faculty members are very supportive.
FB11022,ST10903,2025-08-04,4,The faculty members are very supportive.
FB11023,ST10869,2026-05-05,3,Some aspects of the program are useful.
FB11024,ST10630,2024-11-29,5,The practical sessions are excellent.
FB11025,ST10003,2024-12-03,5,The academic resources need improvement.
FB11026,ST10690,2025-07-04,5,The placment training needs serious improvement.
FB11027,ST10875,2025-11-28,5,The practical sessions need complete overhaul.
FB11028,ST10865,2026-02-12,5,The faculty support could be better.
FB11029,ST10125,2026-07-07,3,The learning experience is neither good nor bad.
FB11030,ST10508,2026-03-22,4,The courses are well structured and helpful.
FB11031,ST10049,2025-09-19,5,The placement training has been useful.
FB11032,ST10324,2025-04-07,5,I am satisfied with the learning experience.
FB11033,ST10084,2026-06-03,5,The placment training needs serious improvement.
FB11034,ST10756,2026-02-13,5,The academic resources are very helpful.
FB11035,ST10981,2025-10-17,4,I am satisfied with the learning experience.
FB11036,ST10169,2026-06-17,4,The courses are well structured and helpful.
FB11037,ST10029,2025-04-18,5,The courses are well structured and helpful.
FB11038,ST10861,2026-02-21,5,The courses are well structured and helpful.
FB11039,ST10245,2026-03-13,5,The placment training needs serious improvement.
FB11040,ST10842,2026-08-14,4,I am satisfied with the learning experience.
FB11041,ST10795,2025-10-21,4,The placement training has been useful.
FB11042,ST10641,2025-12-22,4,The courses are well structured and helpful.
FB11043,ST10998,2025-02-02,5,The courses are well structured and helpful.
FB11044,ST10321,2025-01-21,5,The academic resources need improvement.
FB11045,ST10067,2025-01-27,3,The overall experience is average.
FB11046,ST10942,2025-12-15,3,The placment training needs serious improvement.
FB11047,ST10309,2026-02-23,3,The learning experience is neither good nor bad.
FB11048,ST10068,2025-03-31,4,The courses are well structured and helpful.
FB11049,ST10302,2026-02-02,4,The practical sessions need complete overhaul.
FB11050,ST10099,2025-05-13,3,The learning experience is neither good nor bad.
FB11051,ST10239,2026-08-03,3,The academic resources need improvement.
FB11052,ST10639,2026-01-22,5,The placement training has been useful.
FB11053,ST10815,2024-11-29,4,The practical sessions are excellent.
FB11054,ST10348,2026-02-20,3,The overall experience is average.
FB11055,ST10465,2026-01-04,4,The practical sessions are excellent.
FB11056,ST10111,2025-01-03,4,The practical sessions are excellent.
FB11057,ST10608,2025-09-13,3,The courses are okay but could be improved.
FB11058,ST10927,2025-10-13,5,The academic resources are very helpful.
FB11059,ST10364,2026-02-08,5,The academic resources are very helpful.
FB11060,ST10191,2025-12-25,4,The courses are well structured and helpful.
FB11061,ST10131,2025-04-25,5,The placement training has been useful.
FB11062,ST10319,2026-02-20,4,The practical sessions are excellent.
FB11063,ST10151,2024-11-15,5,The practical sessions are excellent.
FB11064,ST10299,2026-03-31,4,The courses are well structured and helpful.
FB11065,ST10059,2025-05-18,4,The practical sessions are excellent.
FB11066,ST10433,2025-10-28,4,I am satisfied with the learning experience.
FB11067,ST10805,2025-08-26,5,I am satisfied with the learning experience.
FB11068,ST10712,2025-11-13,3,The learning experience is neither good nor bad.
FB11069,ST10615,2025-11-04,3,Some aspects of the program are useful.
FB11070,ST10580,2026-01-18,3,The placement opportunities are not sufficient.
FB11071,ST10307,2026-02-20,4,I am satisfied with the learning experience.
FB11072,ST10466,2025-07-08,4,The placment training needs serious improvement.
FB11073,ST10508,2026-01-23,4,The courses are well structured and helpful.
FB11074,ST10710,2026-03-21,4,The practical sessions are excellent.
FB11075,ST10245,2026-07-13,5,The faculty members are very supportive.
FB11076,ST10211,2026-06-02,5,The courses are well structured and helpful.
FB11077,ST10011,2025-10-06,4,The courses are well structured and helpful.
FB11078,ST10146,2025-03-28,5,I am satisfied with the learning experience.
FB11079,ST10045,2026-06-30,5,The workload is too high.
FB11080,ST10203,2026-06-07,5,I am satisfied with the learning experience.
FB11081,ST10737,2025-07-12,4,The practical sessions are excellent.
FB11082,ST10183,2026-05-07,5,I am satisfied with the learning experience.
FB11083,ST10933,2024-08-27,4,The academic resources are very helpful.
FB11084,ST10389,2025-09-28,3,The overall experience is average.
FB11085,ST10347,2024-11-08,3,The faculty support could be better.
FB11086,ST10468,2024-09-06,4,The faculty members are very supportive.
FB11087,ST10964,2025-06-09,5,The practical sessions are excellent.
FB11088,ST10900,2024-12-08,3,The overall experience is average.
FB11089,ST10148,2024-09-28,3,The workload is too high.
FB11090,ST10814,2026-01-20,5,The practical sessions are excellent.
FB11091,ST10712,2024-09-30,5,The practical sessions are excellent.
FB11092,ST10652,2025-01-20,4,The courses are well structured and helpful.
FB11093,ST10875,2025-03-13,5,I am satisfied with the learning experience.
FB11094,ST10254,2026-03-23,4,The faculty members are very supportive.
FB11095,ST10872,2026-04-20,5,The practical sessions are excellent.
FB11096,ST10215,2024-12-21,3,The learning experience is neither good nor bad.
FB11097,ST10810,2025-03-28,3,The overall experience is average.
FB11098,ST10172,2026-01-30,5,The academic resources are very helpful.
FB11099,ST10511,2025-02-28,5,I am satisfied with the learning experience.
FB11100,ST10730,2024-12-09,5,The academic resources are very helpful.
FB11101,ST10733,2026-05-31,5,The practical sessions need complete overhaul.
FB11102,ST10275,2024-10-05,4,The academic resources are very helpful.
FB11103,ST10213,2026-02-05,5,I am satisfied with the learning experience.
FB11104,ST10884,2026-04-19,5,I am satisfied with the learning experience.
FB11105,ST10436,2025-04-04,5,The placement opportunities are not sufficient.
FB11106,ST10161,2025-01-23,5,The faculty support could be better.
FB11107,ST10261,2026-03-26,4,I am satisfied with the learning experience.
FB11108,ST10303,2025-10-12,4,The faculty members are very supportive.
FB11109,ST10598,2024-09-12,5,The practical sessions are excellent.
FB11110,ST10437,2025-05-23,5,The placement training has been useful.
FB11111,ST10377,2026-05-12,5,The faculty support could be better.
FB11112,ST10280,2025-08-04,5,I am satisfied with the learning experience.
FB11113,ST10240,2024-11-05,5,The courses are well structured and helpful.
FB11114,ST10924,2025-12-09,4,The practical sessions are excellent.
FB11115,ST10805,2026-06-23,4,I am satisfied with the learning experience.
FB11116,ST10122,2026-01-24,4,The courses are well structured and helpful.
FB11117,ST10342,2026-03-15,5,The faculty members are very supportive.
FB11118,ST10310,2025-10-28,3,The facilities are satisfactor.
FB11119,ST10196,2026-06-20,3,The courses are okay but could be improved.
FB11120,ST10876,2025-02-08,3,Some aspects of the program are useful.
FB11121,ST10935,2026-03-17,5,The faculty members are very supportive.
FB11122,ST10843,2026-01-02,5,The placement training has been useful.
FB11123,ST10842,2025-10-27,4,The academic resources are very helpful.
FB11124,ST10484,2025-06-16,3,The courses are okay but could be improved.
FB11125,ST10887,2025-02-18,4,I am satisfied with the learning experience.
FB11126,ST10486,2025-09-18,5,The practical sessions are excellent.
FB11127,ST10740,2026-04-19,5,The faculty support could be better.
FB11128,ST10811,2026-04-28,5,I am satisfied with the learning experience.
FB11129,ST10789,2026-04-30,5,The practical sessions need complete overhaul.
FB11130,ST10215,2026-02-09,4,The practical sessions are excellent.
FB11131,ST10384,2025-03-29,5,I am satisfied with the learning experience.
FB11132,ST10966,2026-02-07,3,The learning experience is neither good nor bad.
FB11133,ST10830,2026-01-16,3,The facilities are satisfactor.
FB11134,ST10348,2024-09-23,5,The placement training has been useful.
FB11135,ST10782,2026-08-07,3,Some aspects of the program are useful.
FB11136,ST10307,2025-06-10,4,The courses are well structured and helpful.
FB11137,ST10945,2025-06-15,5,The faculty members are very supportive.
FB11138,ST10391,2025-07-07,4,The placement training has been useful.
FB11139,ST10548,2026-04-22,4,The placement training has been useful.
FB11140,ST10337,2026-02-01,5,The placement training has been useful.
FB11141,ST10096,2025-04-17,4,The academic resources are very helpful.
FB11142,ST10033,2025-10-20,4,The placement opportunities are not sufficient.
FB11143,ST10501,2024-09-28,4,I am satisfied with the learning experience.
FB11144,ST10934,2024-08-28,4,The faculty support could be better.
FB11145,ST10211,2026-03-18,4,The academic resources are very helpful.
FB11146,ST10466,2025-03-01,4,The practical sessions are excellent.
FB11147,ST10176,2025-01-22,5,The placement training has been useful.
FB11148,ST10161,2025-12-13,5,The workload is too high.
FB11149,ST10550,2026-06-23,4,The academic resources are very helpful.
FB11150,ST10399,2026-04-16,4,The workload is too high.
FB11151,ST10134,2026-06-17,4,The faculty support could be better.
FB11152,ST10443,2026-06-24,4,The academic resources need improvement.
FB11153,ST10487,2025-07-28,5,The practical sessions are excellent.
FB11154,ST10602,2026-05-24,5,The academic resources are very helpful.
FB11155,ST10283,2025-02-09,5,I am satisfied with the learning experience.
FB11156,ST10066,2026-07-26,5,The placement opportunities are not sufficient.
FB11157,ST10827,2025-12-23,5,The faculty members are very supportive.
FB11158,ST10472,2026-02-16,4,The courses are well structured and helpful.
FB11159,ST10295,2026-02-20,3,The learning experience is neither good nor bad.
FB11160,ST10356,2026-01-03,3,The facilities are satisfactor.
FB11161,ST10401,2025-05-30,3,The courses are okay but could be improved.
FB11162,ST10426,2026-03-27,5,The practical sessions are excellent.
FB11163,ST10469,2025-11-18,4,The academic resources are very helpful.
FB11164,ST10716,2025-10-16,4,The placement training has been useful.
FB11165,ST10246,2026-03-14,4,The workload is too high.
FB11166,ST10281,2025-11-29,4,The placement opportunities are not sufficient.
FB11167,ST10299,2025-01-17,3,The overall experience is average.
FB11168,ST10715,2026-04-12,3,The courses are okay but could be improved.
FB11169,ST10931,2026-03-04,4,The practical sessions are excellent.
FB11170,ST10378,2025-01-15,5,The courses are well structured and helpful.
FB11171,ST10420,2025-04-03,4,The faculty members are very supportive.
FB11172,ST10519,2025-08-01,4,The courses are well structured and helpful.
FB11173,ST10655,2025-01-02,3,The learning experience is neither good nor bad.
FB11174,ST10391,2026-01-30,4,The placement training has been useful.
FB11175,ST10407,2024-10-14,4,The faculty members are very supportive.
FB11176,ST10727,2025-01-10,4,The faculty support could be better.
FB11177,ST10687,2024-12-30,3,The learning experience is neither good nor bad.
FB11178,ST10473,2026-03-11,4,The practical sessions are excellent.
FB11179,ST10731,2025-09-21,4,The workload is too high.
FB11180,ST10483,2024-11-18,4,The workload is too high.
FB11181,ST10175,2025-06-06,4,The placement opportunities are not sufficient.
FB11182,ST10103,2024-09-18,5,The courses are well structured and helpful.
FB11183,ST10173,2025-07-16,5,The courses are well structured and helpful.
FB11184,ST10158,2025-03-22,4,I am satisfied with the learning experience.
FB11185,ST10732,2025-10-24,4,The academic resources are very helpful.
FB11186,ST10453,2025-03-11,3,Some aspects of the program are useful.
FB11187,ST10657,2024-11-27,3,The overall experience is average.
FB11188,ST10400,2024-12-20,3,The learning experience is neither good nor bad.
FB11189,ST10054,2025-11-14,5,The courses are well structured and helpful.
FB11190,ST10786,2026-06-06,5,I am satisfied with the learning experience.
FB11191,ST10931,2025-03-04,4,The courses are well structured and helpful.
FB11192,ST10432,2024-08-22,5,The courses are well structured and helpful.
FB11193,ST10841,2025-05-01,4,The academic resources are very helpful.
FB11194,ST10226,2025-08-15,4,The placment training needs serious improvement.
FB11195,ST10817,2026-02-20,4,The academic resources need improvement.
FB11196,ST10172,2026-08-16,3,The overall experience is average.
FB11197,ST10426,2024-12-16,5,The faculty members are very supportive.
FB11198,ST10576,2024-09-18,3,Some aspects of the program are useful.
FB11199,ST10213,2024-12-15,3,The practical sessions need complete overhaul.
FB11200,ST10962,2026-08-09,4,I am satisfied with the learning experience.
FB11201,ST10109,2025-04-25,4,I am satisfied with the learning experience.
FB11202,ST10412,2025-11-24,3,The overall experience is average.
FB11203,ST10399,2024-09-26,4,I am satisfied with the learning experience.
FB11204,ST10674,2026-04-10,4,The academic resources need improvement.
FB11205,ST10639,2026-08-12,4,The courses are well structured and helpful.
FB11206,ST10421,2025-12-16,5,The practical sessions are excellent.
FB11207,ST10105,2025-12-09,3,Some aspects of the program are useful.
FB11208,ST10176,2026-06-03,5,The courses are well structured and helpful.
FB11209,ST10647,2026-01-14,3,The courses are okay but could be improved.
FB11210,ST10341,2025-04-08,5,The academic resources are very helpful.
FB11211,ST10872,2025-09-03,3,The overall experience is average.
FB11212,ST10344,2026-04-23,5,The practical sessions are excellent.
FB11213,ST10392,2025-11-05,4,The academic resources are very helpful.
FB11214,ST10516,2025-10-19,4,The courses are well structured and helpful.
FB11215,ST10022,2025-05-23,3,The overall experience is average.
FB11216,ST10317,2024-10-13,4,The placement training has been useful.
FB11217,ST10635,2026-04-18,5,I am satisfied with the learning experience.
FB11218,ST10511,2026-02-18,5,I am satisfied with the learning experience.
FB11219,ST10210,2025-04-21,3,The courses are okay but could be improved.
FB11220,ST10946,2025-09-30,3,The learning experience is neither good nor bad.
FB11221,ST10757,2025-02-04,3,The workload is too high.
FB11222,ST10285,2025-01-07,5,The courses are well structured and helpful.
FB11223,ST10664,2025-09-26,5,The placment training needs serious improvement.
FB11224,ST10235,2024-10-09,5,The faculty support could be better.
FB11225,ST10351,2026-04-20,4,The practical sessions are excellent.
FB11226,ST10929,2025-09-14,4,The workload is too high.
FB11227,ST10821,2024-12-19,3,The courses are okay but could be improved.
FB11228,ST10623,2025-07-07,3,The placement opportunities are not sufficient.
FB11229,ST10330,2025-10-13,4,The academic resources are very helpful.
FB11230,ST10067,2025-10-09,4,The placment training needs serious improvement.
FB11231,ST10977,2025-06-27,4,The academic resources are very helpful.
FB11232,ST10961,2024-10-28,4,The courses are well structured and helpful.
FB11233,ST10607,2025-05-16,4,I am satisfied with the learning experience.
FB11234,ST10520,2025-02-05,5,The academic resources are very helpful.
FB11235,ST10319,2026-07-05,4,I am satisfied with the learning experience.
FB11236,ST10435,2025-01-30,5,I am satisfied with the learning experience.
FB11237,ST10293,2026-01-15,4,The academic resources are very helpful.
FB11238,ST10279,2025-05-02,4,The practical sessions need complete overhaul.
FB11239,ST10082,2025-05-02,4,The faculty support could be better.
FB11240,ST10408,2025-05-25,5,The placement training has been useful.
FB11241,ST10433,2025-04-03,5,The academic resources are very helpful.
FB11242,ST10779,2025-02-03,4,The placement training has been useful.
FB11243,ST10781,2026-03-25,5,The courses are well structured and helpful.
FB11244,ST10610,2025-12-11,4,The practical sessions are excellent.
FB11245,ST10264,2025-10-04,5,The faculty members are very supportive.
FB11246,ST10291,2025-08-21,5,The practical sessions are excellent.
FB11247,ST10074,2025-10-28,5,The academic resources are very helpful.
FB11248,ST10201,2026-05-19,4,I am satisfied with the learning experience.
FB11249,ST10014,2026-03-25,4,The academic resources need improvement.
FB11250,ST10743,2026-01-04,5,The placement training has been useful.
FB11251,ST10963,2024-08-24,5,The academic resources are very helpful.
FB11252,ST10394,2024-11-15,4,The academic resources are very helpful.
FB11253,ST10419,2026-01-19,4,The placment training needs serious improvement.
FB11254,ST10395,2025-05-13,4,The workload is too high.
FB11255,ST10199,2025-07-30,3,The facilities are satisfactor.
FB11256,ST10790,2025-02-20,3,The academic resources need improvement.
FB11257,ST10357,2026-07-21,5,The placement training has been useful.
FB11258,ST10714,2025-12-29,5,The placement training has been useful.
FB11259,ST10754,2025-12-07,4,The placement training has been useful.
FB11260,ST10944,2026-08-01,4,The academic resources need improvement.
FB11261,ST10724,2025-12-13,3,The courses are okay but could be improved.
FB11262,ST10268,2025-02-23,3,The courses are okay but could be improved.
FB11263,ST10261,2024-09-17,4,The practical sessions are excellent.
FB11264,ST10013,2026-01-30,5,The courses are well structured and helpful.
FB11265,ST10408,2026-07-06,3,The overall experience is average.
FB11266,ST10531,2025-04-24,3,The practical sessions need complete overhaul.
FB11267,ST10170,2025-06-10,3,The faculty support could be better.
FB11268,ST10709,2026-07-30,5,The practical sessions are excellent.
FB11269,ST10601,2026-04-28,4,The placement training has been useful.
FB11270,ST10112,2024-11-14,3,The facilities are satisfactor.
FB11271,ST10834,2025-06-13,4,The academic resources are very helpful.
FB11272,ST10953,2025-03-05,3,The facilities are satisfactor.
FB11273,ST10007,2025-10-11,3,The practical sessions need complete overhaul.
FB11274,ST10002,2026-03-03,5,The academic resources are very helpful.
FB11275,ST10538,2025-03-25,5,The faculty members are very supportive.
FB11276,ST10175,2024-09-06,4,I am satisfied with the learning experience.
FB11277,ST10203,2026-07-26,4,The practical sessions are excellent.
FB11278,ST10462,2025-09-23,4,I am satisfied with the learning experience.
FB11279,ST10206,2026-05-18,4,I am satisfied with the learning experience.
FB11280,ST10266,2026-04-08,4,The practical sessions need complete overhaul.
FB11281,ST10452,2025-06-05,3,Some aspects of the program are useful.
FB11282,ST10112,2025-09-21,3,The workload is too high.
FB11283,ST10082,2026-05-03,4,The placement training has been useful.
FB11284,ST10284,2025-09-17,4,The courses are well structured and helpful.
FB11285,ST10490,2025-07-30,4,The courses are well structured and helpful.
FB11286,ST10063,2025-08-31,4,The courses are well structured and helpful.
FB11287,ST10100,2024-09-21,5,The courses are well structured and helpful.
FB11288,ST10618,2025-04-05,5,The faculty members are very supportive.
FB11289,ST10485,2026-07-16,3,Some aspects of the program are useful.
FB11290,ST10440,2026-01-06,5,The academic resources are very helpful.
FB11291,ST10323,2025-01-14,5,The faculty support could be better.
FB11292,ST10682,2025-04-23,4,The practical sessions are excellent.
FB11293,ST10999,2025-09-21,4,The faculty members are very supportive.
FB11294,ST10004,2024-10-20,5,The academic resources are very helpful.
FB11295,ST10743,2024-10-31,5,The workload is too high.
FB11296,ST10027,2024-12-26,3,Some aspects of the program are useful.
FB11297,ST10287,2026-04-10,3,The workload is too high.
FB11298,ST10378,2025-10-09,5,The academic resources are very helpful.
FB11299,ST10528,2025-10-06,4,I am satisfied with the learning experience.
FB11300,ST10654,2024-08-23,4,The faculty support could be better.
FB11301,ST10018,2025-12-17,3,The overall experience is average.
FB11302,ST10993,2024-10-07,3,The faculty support could be better.
FB11303,ST10695,2025-01-28,5,The practical sessions are excellent.
FB11304,ST10410,2026-01-20,3,The overall experience is average.
FB11305,ST10357,2025-12-19,4,The placement training has been useful.
FB11306,ST10752,2026-04-10,4,The practical sessions are excellent.
FB11307,ST10730,2025-01-30,4,The practical sessions are excellent.
FB11308,ST10131,2026-06-20,5,The courses are well structured and helpful.
FB11309,ST10853,2026-02-01,3,Some aspects of the program are useful.
FB11310,ST10896,2025-07-13,4,The placement training has been useful.
FB11311,ST10494,2026-05-29,3,The courses are okay but could be improved.
FB11312,ST10250,2024-11-06,4,The academic resources are very helpful.
FB11313,ST10109,2025-01-24,4,The academic resources are very helpful.
FB11314,ST10165,2025-10-09,4,The faculty support could be better.
FB11315,ST10925,2026-05-23,4,The faculty members are very supportive.
FB11316,ST10737,2026-02-14,4,The placement training has been useful.
FB11317,ST10682,2026-07-01,5,The practical sessions are excellent.
FB11318,ST10093,2026-03-16,3,The facilities are satisfactor.
FB11319,ST10893,2026-04-12,4,The practical sessions are excellent.
FB11320,ST10660,2025-07-22,5,The academic resources are very helpful.
FB11321,ST10670,2026-01-02,3,Some aspects of the program are useful.
FB11322,ST10990,2026-05-14,3,The workload is too high.
FB11323,ST10229,2026-08-17,4,The faculty members are very supportive.
FB11324,ST10115,2024-10-13,4,The academic resources are very helpful.
FB11325,ST10763,2026-03-21,4,The placement opportunities are not sufficient.
FB11326,ST10377,2026-02-01,5,The faculty members are very supportive.
FB11327,ST10591,2024-12-15,3,The facilities are satisfactor.
FB11328,ST10064,2024-09-05,5,I am satisfied with the learning experience.
FB11329,ST10434,2025-08-09,4,The faculty members are very supportive.
FB11330,ST10533,2026-02-25,3,Some aspects of the program are useful.
FB11331,ST10228,2025-05-02,5,The courses are well structured and helpful.
FB11332,ST10324,2024-09-16,4,The faculty members are very supportive.
FB11333,ST10512,2024-10-24,3,The courses are okay but could be improved.
FB11334,ST10616,2024-10-13,4,The academic resources are very helpful.
FB11335,ST10614,2024-09-29,4,The practical sessions are excellent.
FB11336,ST10281,2025-01-03,4,The academic resources need improvement.
FB11337,ST10588,2026-04-26,5,I am satisfied with the learning experience.
FB11338,ST10299,2025-03-01,3,The learning experience is neither good nor bad.
FB11339,ST10061,2025-10-25,3,The faculty support could be better.
FB11340,ST10157,2024-10-11,3,The workload is too high.
FB11341,ST10869,2025-11-07,3,The courses are okay but could be improved.
FB11342,ST10718,2026-05-18,3,The courses are okay but could be improved.
FB11343,ST10878,2025-02-10,5,The placement training has been useful.
FB11344,ST10835,2026-07-26,3,The courses are okay but could be improved.
FB11345,ST10023,2025-03-06,5,The faculty members are very supportive.
FB11346,ST10695,2025-06-30,5,The faculty members are very supportive.
FB11347,ST10401,2025-06-15,5,The academic resources are very helpful.
FB11348,ST10290,2025-08-03,3,The courses are okay but could be improved.
FB11349,ST10718,2025-12-20,3,The practical sessions need complete overhaul.
FB11350,ST10100,2025-06-28,4,The practical sessions are excellent.
FB11351,ST10871,2025-07-20,4,The faculty support could be better.
FB11352,ST10469,2025-04-20,3,Some aspects of the program are useful.
FB11353,ST10141,2024-08-31,5,The placement training has been useful.
FB11354,ST10919,2025-06-16,4,I am satisfied with the learning experience.
FB11355,ST10753,2026-01-22,3,The facilities are satisfactor.
FB11356,ST10744,2024-11-17,3,The placment training needs serious improvement.
FB11357,ST10695,2025-10-07,3,The courses are okay but could be improved.
FB11358,ST10386,2024-08-22,3,The practical sessions need complete overhaul.
FB11359,ST10696,2025-12-29,3,The placment training needs serious improvement.
FB11360,ST10099,2026-02-28,4,The placement training has been useful.
FB11361,ST10968,2025-12-11,5,The practical sessions are excellent.
FB11362,ST10608,2024-10-06,5,I am satisfied with the learning experience.
FB11363,ST10251,2026-03-28,5,I am satisfied with the learning experience.
FB11364,ST10501,2026-03-20,4,The practical sessions are excellent.
FB11365,ST10669,2025-11-15,3,The overall experience is average.
FB11366,ST10797,2024-09-22,5,The academic resources are very helpful.
FB11367,ST10282,2026-02-13,3,The learning experience is neither good nor bad.
FB11368,ST10377,2026-06-07,4,The courses are well structured and helpful.
FB11369,ST10125,2024-10-13,4,The academic resources are very helpful.
FB11370,ST10024,2025-05-22,5,The practical sessions are excellent.
FB11371,ST10281,2026-08-08,3,The overall experience is average.
FB11372,ST10814,2025-09-12,5,The placement training has been useful.
FB11373,ST10661,2024-11-08,3,The facilities are satisfactor.
FB11374,ST10586,2025-03-31,4,The faculty members are very supportive.
FB11375,ST10731,2026-04-21,4,The placement opportunities are not sufficient.
FB11376,ST10190,2026-02-01,4,The academic resources are very helpful.
FB11377,ST10404,2025-04-09,5,The practical sessions are excellent.
FB11378,ST10066,2025-12-02,4,The practical sessions are excellent.
FB11379,ST10772,2024-10-24,3,The overall experience is average.
FB11380,ST10186,2025-03-24,3,The academic resources need improvement.
FB11381,ST10185,2026-04-04,5,The placement training has been useful.
FB11382,ST10126,2026-08-07,4,The practical sessions are excellent.
FB11383,ST10669,2025-07-23,5,The practical sessions are excellent.
FB11384,ST10872,2025-06-10,3,The overall experience is average.
FB11385,ST10128,2025-06-20,4,The faculty members are very supportive.
FB11386,ST10434,2026-05-18,4,The academic resources need improvement.
FB11387,ST10001,2026-01-13,5,The courses are well structured and helpful.
FB11388,ST10675,2024-09-10,5,I am satisfied with the learning experience.
FB11389,ST10712,2025-08-21,4,The faculty members are very supportive.
FB11390,ST10705,2024-12-17,4,The courses are well structured and helpful.
FB11391,ST10038,2025-10-06,4,The faculty members are very supportive.
FB11392,ST10981,2025-02-04,4,The practical sessions are excellent.
FB11393,ST10606,2024-12-01,5,I am satisfied with the learning experience.
FB11394,ST10077,2026-03-21,5,The faculty members are very supportive.
FB11395,ST10666,2025-06-17,5,The practical sessions need complete overhaul.
FB11396,ST10468,2026-04-28,5,The faculty members are very supportive.
FB11397,ST10963,2026-04-29,3,Some aspects of the program are useful.
FB11398,ST10209,2026-06-08,5,The academic resources are very helpful.
FB11399,ST10649,2025-10-15,3,The courses are okay but could be improved.
FB11400,ST10732,2025-04-04,4,The academic resources are very helpful.
FB11401,ST10430,2025-12-23,4,The faculty support could be better.
FB11402,ST10807,2024-12-07,4,The courses are well structured and helpful.
FB11403,ST10080,2025-04-06,4,The practical sessions are excellent.
FB11404,ST10701,2026-01-26,5,The courses are well structured and helpful.
FB11405,ST10656,2026-07-07,5,The faculty members are very supportive.
FB11406,ST10150,2026-07-29,5,The workload is too high.
FB11407,ST10281,2026-04-27,4,The placement training has been useful.
FB11408,ST10388,2026-06-22,4,The placment training needs serious improvement.
FB11409,ST10180,2026-03-07,5,The faculty members are very supportive.
FB11410,ST10098,2026-01-03,5,The academic resources are very helpful.
FB11411,ST10565,2025-06-03,4,The courses are well structured and helpful.
FB11412,ST10175,2024-08-26,4,The placement training has been useful.
FB11413,ST10354,2025-10-21,4,The academic resources need improvement.
FB11414,ST10992,2026-06-28,3,Some aspects of the program are useful.
FB11415,ST10609,2025-10-23,3,The practical sessions need complete overhaul.
FB11416,ST10489,2024-12-05,4,The faculty members are very supportive.
FB11417,ST10704,2024-11-21,4,I am satisfied with the learning experience.
FB11418,ST10147,2024-09-19,5,The academic resources are very helpful.
FB11419,ST10055,2024-08-21,5,The academic resources need improvement.
FB11420,ST10998,2025-11-05,5,I am satisfied with the learning experience.
FB11421,ST10724,2025-11-24,5,The placement training has been useful.
FB11422,ST10818,2025-06-20,5,The faculty members are very supportive.
FB11423,ST10976,2025-10-09,4,The academic resources are very helpful.
FB11424,ST10313,2025-10-17,3,The overall experience is average.
FB11425,ST10971,2024-10-23,4,The faculty members are very supportive.
FB11426,ST10650,2025-04-11,4,The academic resources are very helpful.
FB11427,ST10968,2025-01-28,4,The practical sessions are excellent.
FB11428,ST10087,2026-03-22,3,Some aspects of the program are useful.
FB11429,ST10952,2026-03-16,5,The courses are well structured and helpful.
FB11430,ST10694,2026-07-20,4,The academic resources are very helpful.
FB11431,ST10492,2026-03-04,4,The academic resources are very helpful.
FB11432,ST10416,2025-05-12,4,I am satisfied with the learning experience.
FB11433,ST10732,2025-01-29,5,The practical sessions are excellent.
FB11434,ST10251,2025-07-04,5,The academic resources need improvement.
FB11435,ST10974,2026-07-22,5,The placement opportunities are not sufficient.
FB11436,ST10701,2026-01-01,3,Some aspects of the program are useful.
FB11437,ST10460,2026-06-10,3,The academic resources need improvement.
FB11438,ST10953,2025-09-20,3,The placement opportunities are not sufficient.
FB11439,ST10926,2024-12-06,5,The courses are well structured and helpful.
FB11440,ST10860,2024-12-21,4,The faculty members are very supportive.
FB11441,ST10433,2025-01-07,5,I am satisfied with the learning experience.
FB11442,ST10994,2025-02-05,4,The academic resources are very helpful.
FB11443,ST10852,2025-12-10,5,The courses are well structured and helpful.
FB11444,ST10307,2026-05-28,4,The faculty members are very supportive.
FB11445,ST10003,2025-03-02,3,Some aspects of the program are useful.
FB11446,ST10404,2025-01-15,4,The faculty members are very supportive.
FB11447,ST10958,2024-11-15,5,The practical sessions are excellent.
FB11448,ST10059,2025-01-05,5,The practical sessions are excellent.
FB11449,ST10337,2026-01-21,4,The courses are well structured and helpful.
FB11450,ST10359,2026-05-01,4,The workload is too high.
FB11451,ST10412,2025-11-01,5,The courses are well structured and helpful.
FB11452,ST10504,2026-06-10,4,The practical sessions are excellent.
FB11453,ST10421,2024-09-29,4,The placement training has been useful.
FB11454,ST10160,2026-06-10,3,The facilities are satisfactor.
FB11455,ST10232,2026-03-24,5,The faculty members are very supportive.
FB11456,ST10374,2026-08-12,5,I am satisfied with the learning experience.
FB11457,ST10112,2025-10-18,5,The academic resources need improvement.
FB11458,ST10860,2025-08-11,5,I am satisfied with the learning experience.
FB11459,ST10766,2025-12-31,4,The faculty members are very supportive.
FB11460,ST10114,2025-10-18,4,The courses are well structured and helpful.
FB11461,ST10405,2024-10-13,4,The faculty members are very supportive.
FB11462,ST10165,2025-03-31,3,The learning experience is neither good nor bad.
FB11463,ST10983,2026-01-21,3,The facilities are satisfactor.
FB11464,ST10122,2024-10-09,5,The practical sessions are excellent.
FB11465,ST10820,2025-02-28,3,The courses are okay but could be improved.
FB11466,ST10333,2024-11-02,3,The learning experience is neither good nor bad.
FB11467,ST10514,2025-01-18,3,The learning experience is neither good nor bad.
FB11468,ST10135,2026-03-04,4,The courses are well structured and helpful.
FB11469,ST10130,2025-11-11,4,The practical sessions are excellent.
FB11470,ST10786,2025-08-31,3,The overall experience is average.
FB11471,ST10695,2025-05-01,3,The practical sessions need complete overhaul.
FB11472,ST11000,2025-05-22,5,The courses are well structured and helpful.
FB11473,ST10492,2024-11-25,4,The placement training has been useful.
FB11474,ST10780,2026-01-21,4,The practical sessions are excellent.
FB11475,ST10747,2026-01-09,5,I am satisfied with the learning experience.
FB11476,ST10786,2025-02-16,4,The faculty members are very supportive.
FB11477,ST10683,2024-11-03,4,The workload is too high.
FB11478,ST10486,2025-03-27,3,The overall experience is average.
FB11479,ST10718,2025-12-12,3,Some aspects of the program are useful.
FB11480,ST10186,2024-10-11,4,The practical sessions are excellent.
FB11481,ST10235,2026-07-18,4,The placement training has been useful.
FB11482,ST10281,2025-01-15,4,The workload is too high.
FB11483,ST10437,2025-04-21,4,I am satisfied with the learning experience.
FB11484,ST10886,2025-08-30,5,The placement training has been useful.
FB11485,ST10717,2025-08-03,3,The courses are okay but could be improved.
FB11486,ST10228,2025-04-30,4,The placement training has been useful.
FB11487,ST10523,2025-12-09,5,The courses are well structured and helpful.
FB11488,ST10113,2026-01-12,5,The faculty members are very supportive.
FB11489,ST10729,2025-04-12,4,The faculty members are very supportive.
FB11490,ST10187,2026-02-07,5,The courses are well structured and helpful.
FB11491,ST10218,2025-11-14,4,The faculty members are very supportive.
FB11492,ST10442,2024-12-14,5,The placement training has been useful.
FB11493,ST10343,2025-10-31,4,The courses are well structured and helpful.
FB11494,ST10700,2025-11-01,5,I am satisfied with the learning experience.
FB11495,ST10370,2025-05-28,3,The facilities are satisfactor.
FB11496,ST10761,2026-05-07,3,Some aspects of the program are useful.
FB11497,ST10620,2025-04-20,5,The academic resources are very helpful.
FB11498,ST10216,2025-07-16,4,The courses are well structured and helpful.
FB11499,ST10134,2024-12-26,3,Some aspects of the program are useful.
FB11500,ST10124,2024-08-21,4,The academic resources are very helpful.
FB11501,ST10198,2025-04-18,3,The overall experience is average.
FB11502,ST10077,2025-02-25,3,The placement opportunities are not sufficient.
FB11503,ST10352,2026-04-20,4,The placement training has been useful.
FB11504,ST10547,2025-02-06,3,The overall experience is average.
FB11505,ST10131,2026-02-22,5,The practical sessions are excellent.
FB11506,ST10913,2026-03-15,5,The placement opportunities are not sufficient.
FB11507,ST10999,2025-12-28,5,The faculty members are very supportive.
FB11508,ST10645,2025-07-22,3,The learning experience is neither good nor bad.
FB11509,ST10070,2025-03-20,4,The practical sessions are excellent.
FB11510,ST10171,2026-06-01,4,The academic resources are very helpful.
FB11511,ST10297,2025-05-24,4,The practical sessions are excellent.
FB11512,ST10814,2024-11-30,4,The workload is too high.
FB11513,ST10759,2026-01-27,4,The practical sessions need complete overhaul.
FB11514,ST10702,2026-03-10,4,The practical sessions are excellent.
FB11515,ST10170,2025-05-02,5,The practical sessions are excellent.
FB11516,ST10576,2026-06-30,3,The learning experience is neither good nor bad.
FB11517,ST10622,2025-08-25,4,I am satisfied with the learning experience.
FB11518,ST10164,2025-08-12,4,The practical sessions are excellent.
FB11519,ST10901,2025-07-29,4,The placement opportunities are not sufficient.
FB11520,ST10467,2025-05-23,5,The academic resources are very helpful.
FB11521,ST10311,2026-04-11,5,The faculty support could be better.
FB11522,ST10726,2025-04-12,4,The courses are well structured and helpful.
FB11523,ST10230,2025-08-31,5,I am satisfied with the learning experience.
FB11524,ST10041,2025-10-20,3,The facilities are satisfactor.
FB11525,ST10950,2024-11-10,4,The courses are well structured and helpful.
FB11526,ST10844,2025-01-01,4,The courses are well structured and helpful.
FB11527,ST10665,2026-01-01,5,The practical sessions are excellent.
FB11528,ST10333,2025-12-02,5,The academic resources are very helpful.
FB11529,ST10740,2024-10-20,5,The practical sessions are excellent.
FB11530,ST10333,2026-06-02,5,The academic resources need improvement.
FB11531,ST10836,2025-03-23,4,The faculty members are very supportive.
FB11532,ST10749,2026-06-15,4,The workload is too high.
FB11533,ST10263,2026-05-21,4,The placement opportunities are not sufficient.
FB11534,ST10674,2024-12-04,4,The placement opportunities are not sufficient.
FB11535,ST10109,2026-07-11,3,The learning experience is neither good nor bad.
FB11536,ST10969,2025-10-10,3,Some aspects of the program are useful.
FB11537,ST10565,2025-01-17,4,The placement training has been useful.
FB11538,ST10333,2025-03-10,5,The practical sessions are excellent.
FB11539,ST10160,2026-03-10,5,The academic resources are very helpful.
FB11540,ST10378,2026-07-07,4,The placement training has been useful.
FB11541,ST10508,2025-12-17,4,I am satisfied with the learning experience.
FB11542,ST10194,2024-10-16,4,The academic resources are very helpful.
FB11543,ST10664,2026-03-06,4,The faculty members are very supportive.
FB11544,ST10907,2024-10-15,4,The placement training has been useful.
FB11545,ST10072,2026-07-11,4,The placement training has been useful.
FB11546,ST10466,2024-09-01,4,The practical sessions need complete overhaul.
FB11547,ST10103,2026-06-08,3,The courses are okay but could be improved.
FB11548,ST10745,2025-09-15,3,The overall experience is average.
FB11549,ST10618,2025-12-21,4,The placement training has been useful.
FB11550,ST10113,2024-09-11,4,The academic resources need improvement.
FB11551,ST10958,2026-05-11,4,I am satisfied with the learning experience.
FB11552,ST10275,2025-11-12,4,The academic resources are very helpful.
FB11553,ST10812,2025-11-10,4,The placment training needs serious improvement.
FB11554,ST10556,2025-06-28,3,The facilities are satisfactor.
FB11555,ST10874,2026-04-07,3,The courses are okay but could be improved.
FB11556,ST10143,2025-11-19,5,The practical sessions are excellent.
FB11557,ST10836,2025-01-30,5,The faculty members are very supportive.
FB11558,ST10159,2026-07-22,5,The practical sessions are excellent.
FB11559,ST10643,2024-09-15,4,The courses are well structured and helpful.
FB11560,ST10106,2025-10-20,5,The courses are well structured and helpful.
FB11561,ST10146,2025-03-08,4,I am satisfied with the learning experience.
FB11562,ST10233,2025-10-14,5,I am satisfied with the learning experience.
FB11563,ST10672,2026-07-13,5,The academic resources are very helpful.
FB11564,ST10704,2025-10-11,5,The placment training needs serious improvement.
FB11565,ST10504,2025-08-19,4,The courses are well structured and helpful.
FB11566,ST10105,2026-01-07,4,The faculty support could be better.
FB11567,ST10366,2026-04-12,4,The faculty members are very supportive.
FB11568,ST10370,2024-12-11,4,The placment training needs serious improvement.
FB11569,ST10918,2025-05-29,4,I am satisfied with the learning experience.
FB11570,ST10439,2025-06-18,4,The practical sessions are excellent.
FB11571,ST10696,2025-02-07,5,The academic resources are very helpful.
FB11572,ST10640,2026-07-11,5,The faculty support could be better.
FB11573,ST10897,2026-04-09,5,The placement training has been useful.
FB11574,ST10956,2025-11-18,4,The academic resources are very helpful.
FB11575,ST10808,2026-03-10,4,I am satisfied with the learning experience.
FB11576,ST10328,2026-06-14,5,The placement training has been useful.
FB11577,ST10835,2025-04-01,5,The practical sessions are excellent.
FB11578,ST10983,2024-11-29,3,The courses are okay but could be improved.
FB11579,ST10093,2025-08-13,4,I am satisfied with the learning experience.
FB11580,ST10786,2025-09-11,5,The faculty members are very supportive.
FB11581,ST10435,2025-09-18,5,The placement training has been useful.
FB11582,ST10142,2024-10-27,5,The academic resources need improvement.
FB11583,ST10944,2025-06-22,5,The placement training has been useful.
FB11584,ST10552,2025-05-27,4,The practical sessions are excellent.
FB11585,ST10394,2025-09-12,5,The academic resources are very helpful.
FB11586,ST10540,2024-08-26,4,The academic resources are very helpful.
FB11587,ST10720,2026-01-14,4,The faculty members are very supportive.
FB11588,ST10209,2025-02-19,4,The placment training needs serious improvement.
FB11589,ST10372,2026-06-07,4,I am satisfied with the learning experience.
FB11590,ST10062,2026-05-06,4,The faculty support could be better.
FB11591,ST10870,2025-12-07,4,The workload is too high.
FB11592,ST10302,2026-01-31,5,The practical sessions are excellent.
FB11593,ST10249,2024-12-24,4,I am satisfied with the learning experience.
FB11594,ST10765,2026-03-29,4,The academic resources are very helpful.
FB11595,ST10387,2025-09-21,3,The learning experience is neither good nor bad.
FB11596,ST10381,2024-12-05,4,The courses are well structured and helpful.
FB11597,ST10489,2025-07-30,4,The workload is too high.
FB11598,ST10031,2024-12-19,4,I am satisfied with the learning experience.
FB11599,ST10251,2025-01-04,5,The practical sessions are excellent.
FB11600,ST10154,2025-10-31,3,The learning experience is neither good nor bad.
FB11601,ST10762,2025-10-31,5,The practical sessions are excellent.
FB11602,ST10482,2026-01-12,5,The faculty members are very supportive.
FB11603,ST10801,2026-06-26,3,The overall experience is average.
FB11604,ST10294,2024-12-09,4,The courses are well structured and helpful.
FB11605,ST10619,2026-03-12,3,Some aspects of the program are useful.
FB11606,ST10165,2026-03-09,5,The placement training has been useful.
FB11607,ST10568,2025-08-28,3,The facilities are satisfactor.
FB11608,ST10942,2026-08-17,4,The faculty members are very supportive.
FB11609,ST10434,2025-05-23,4,The faculty support could be better.
FB11610,ST10997,2024-09-18,4,The placement training has been useful.
FB11611,ST10761,2025-02-03,4,The practical sessions are excellent.
FB11612,ST10225,2026-04-01,4,The academic resources are very helpful.
FB11613,ST10837,2025-08-31,3,The learning experience is neither good nor bad.
FB11614,ST10321,2025-02-14,3,The learning experience is neither good nor bad.
FB11615,ST10848,2024-10-05,5,The courses are well structured and helpful.
FB11616,ST10663,2025-03-11,4,The faculty members are very supportive.
FB11617,ST10107,2025-05-31,5,The practical sessions are excellent.
FB11618,ST10029,2025-02-15,4,I am satisfied with the learning experience.
FB11619,ST10067,2024-09-20,5,The courses are well structured and helpful.
FB11620,ST10193,2026-01-19,4,The academic resources are very helpful.
FB11621,ST10247,2025-01-25,4,The practical sessions are excellent.
FB11622,ST10578,2025-09-24,4,The practical sessions need complete overhaul.
FB11623,ST10047,2026-07-24,5,The courses are well structured and helpful.
FB11624,ST10009,2026-04-24,5,The faculty support could be better.
FB11625,ST10982,2025-05-25,5,I am satisfied with the learning experience.
FB11626,ST10770,2025-06-15,4,The faculty members are very supportive.
FB11627,ST10720,2025-08-17,3,The facilities are satisfactor.
FB11628,ST10418,2026-07-31,3,The placement opportunities are not sufficient.
FB11629,ST10104,2025-08-06,4,I am satisfied with the learning experience.
FB11630,ST10602,2026-07-03,3,The learning experience is neither good nor bad.
FB11631,ST10601,2024-09-23,3,The placment training needs serious improvement.
FB11632,ST10298,2024-09-17,5,The academic resources are very helpful.
FB11633,ST10081,2026-01-03,5,The placment training needs serious improvement.
FB11634,ST10976,2025-04-26,3,The courses are okay but could be improved.
FB11635,ST10827,2024-11-06,3,The courses are okay but could be improved.
FB11636,ST10788,2026-02-15,3,Some aspects of the program are useful.
FB11637,ST10529,2025-09-26,3,The placement opportunities are not sufficient.
FB11638,ST10668,2025-12-23,5,The faculty members are very supportive.
FB11639,ST10805,2026-05-24,5,The faculty members are very supportive.
FB11640,ST10639,2025-03-18,5,The practical sessions need complete overhaul.
FB11641,ST10041,2026-05-28,5,The academic resources need improvement.
FB11642,ST10397,2026-03-17,4,The practical sessions are excellent.
FB11643,ST10982,2025-03-10,5,The academic resources are very helpful.
FB11644,ST10100,2025-11-10,5,The workload is too high.
FB11645,ST10785,2025-10-14,5,The placement opportunities are not sufficient.
FB11646,ST10889,2025-11-03,5,The placment training needs serious improvement.
FB11647,ST10511,2024-12-31,4,The faculty members are very supportive.
FB11648,ST10957,2025-06-06,5,The courses are well structured and helpful.
FB11649,ST10591,2026-01-07,4,The courses are well structured and helpful.
FB11650,ST10184,2025-06-08,3,The learning experience is neither good nor bad.
FB11651,ST10265,2025-05-28,3,The faculty support could be better.
FB11652,ST10782,2025-11-17,3,The academic resources need improvement.
FB11653,ST10947,2026-01-07,5,The courses are well structured and helpful.
FB11654,ST10041,2026-07-16,5,The faculty members are very supportive.
FB11655,ST10419,2026-05-28,5,The academic resources need improvement.
FB11656,ST10133,2024-10-17,5,The practical sessions are excellent.
FB11657,ST10383,2025-09-23,5,The placement training has been useful.
FB11658,ST10270,2025-03-01,5,The academic resources need improvement.
FB11659,ST10044,2025-06-06,3,The overall experience is average.
FB11660,ST10759,2026-07-23,3,Some aspects of the program are useful.
FB11661,ST10009,2025-02-07,5,The courses are well structured and helpful.
FB11662,ST10385,2025-09-23,4,The placement training has been useful.
FB11663,ST10229,2025-06-29,4,The placement training has been useful.
FB11664,ST10358,2025-05-19,5,The academic resources are very helpful.
FB11665,ST10112,2026-05-14,4,The academic resources are very helpful.
FB11666,ST10940,2026-06-22,4,The practical sessions need complete overhaul.
FB11667,ST10787,2025-05-12,5,The placement training has been useful.
FB11668,ST10067,2025-08-31,5,The practical sessions are excellent.
FB11669,ST10218,2026-04-25,3,The learning experience is neither good nor bad.
FB11670,ST10118,2025-08-27,4,The courses are well structured and helpful.
FB11671,ST10972,2026-07-08,4,The academic resources are very helpful.
FB11672,ST10328,2025-11-30,5,The practical sessions are excellent.
FB11673,ST10064,2024-08-23,5,The faculty support could be better.
FB11674,ST10809,2025-09-11,4,The placement training has been useful.
FB11675,ST10056,2026-07-04,5,The courses are well structured and helpful.
FB11676,ST10277,2024-12-03,4,I am satisfied with the learning experience.
FB11677,ST10146,2025-07-25,4,The placement training has been useful.
FB11678,ST10306,2024-12-24,4,The practical sessions need complete overhaul.
FB11679,ST10893,2025-02-12,5,I am satisfied with the learning experience.
FB11680,ST10189,2024-10-16,5,The placment training needs serious improvement.
FB11681,ST10917,2025-09-21,5,The faculty support could be better.
FB11682,ST10987,2025-12-30,3,The courses are okay but could be improved.
FB11683,ST10204,2025-03-24,5,The placement training has been useful.
FB11684,ST10487,2025-01-29,5,I am satisfied with the learning experience.
FB11685,ST10364,2024-12-12,5,The placement opportunities are not sufficient.
FB11686,ST10399,2025-01-10,5,The placement opportunities are not sufficient.
FB11687,ST10802,2024-12-18,5,The workload is too high.
FB11688,ST10080,2025-05-26,3,Some aspects of the program are useful.
FB11689,ST10632,2025-11-28,5,The academic resources are very helpful.
FB11690,ST10015,2026-02-26,4,The placement training has been useful.
FB11691,ST10512,2026-05-14,4,The placment training needs serious improvement.
FB11692,ST10812,2024-11-17,4,The practical sessions need complete overhaul.
FB11693,ST10270,2026-01-13,5,The courses are well structured and helpful.
FB11694,ST10966,2025-02-12,5,The workload is too high.
FB11695,ST10650,2025-07-06,4,The practical sessions are excellent.
FB11696,ST10038,2026-05-10,5,I am satisfied with the learning experience.
FB11697,ST10714,2025-05-01,5,I am satisfied with the learning experience.
FB11698,ST10222,2026-02-28,4,I am satisfied with the learning experience.
FB11699,ST10380,2024-11-14,4,The placment training needs serious improvement.
FB11700,ST10310,2025-08-27,4,The placement opportunities are not sufficient.
FB11701,ST10839,2026-01-24,4,The academic resources need improvement.
FB11702,ST10512,2025-08-24,3,The learning experience is neither good nor bad.
FB11703,ST10424,2025-08-25,5,The faculty members are very supportive.
FB11704,ST10536,2025-01-28,5,The faculty support could be better.
FB11705,ST10117,2025-11-19,5,The practical sessions need complete overhaul.
FB11706,ST10439,2024-12-21,4,The practical sessions are excellent.
FB11707,ST10556,2026-01-02,5,The faculty members are very supportive.
FB11708,ST10650,2026-05-27,4,The practical sessions are excellent.
FB11709,ST10090,2025-07-03,4,The placment training needs serious improvement.
FB11710,ST10092,2024-09-04,3,Some aspects of the program are useful.
FB11711,ST10955,2025-02-23,4,The placement training has been useful.
FB11712,ST10649,2024-09-20,4,The practical sessions are excellent.
FB11713,ST10684,2024-11-25,4,The placement training has been useful.
FB11714,ST10229,2025-11-06,3,Some aspects of the program are useful.
FB11715,ST10391,2025-11-21,4,The placement training has been useful.
FB11716,ST10360,2024-12-21,4,The practical sessions need complete overhaul.
FB11717,ST10423,2024-11-30,4,The academic resources need improvement.
FB11718,ST10721,2025-12-19,3,The learning experience is neither good nor bad.
FB11719,ST10008,2025-09-20,3,The workload is too high.
FB11720,ST10520,2024-09-17,5,The academic resources are very helpful.
FB11721,ST10315,2026-07-10,5,The practical sessions need complete overhaul.
FB11722,ST10690,2025-11-05,4,The placement training has been useful.
FB11723,ST10016,2024-12-10,5,The faculty members are very supportive.
FB11724,ST10344,2024-09-30,5,The practical sessions are excellent.
FB11725,ST10248,2024-12-25,4,The placement training has been useful.
FB11726,ST10632,2025-03-06,3,The overall experience is average.
FB11727,ST10821,2026-08-04,3,The practical sessions need complete overhaul.
FB11728,ST10132,2025-01-04,3,The practical sessions need complete overhaul.
FB11729,ST10746,2025-09-23,4,The faculty members are very supportive.
FB11730,ST10448,2025-06-28,4,The academic resources are very helpful.
FB11731,ST10517,2025-11-26,5,The practical sessions are excellent.
FB11732,ST10864,2025-10-29,3,The facilities are satisfactor.
FB11733,ST10858,2025-12-26,4,The faculty members are very supportive.
FB11734,ST10096,2024-09-01,4,The placement training has been useful.
FB11735,ST10644,2026-07-01,3,The courses are okay but could be improved.
FB11736,ST10029,2026-02-27,3,Some aspects of the program are useful.
FB11737,ST10943,2026-03-06,3,The placement opportunities are not sufficient.
FB11738,ST10392,2026-01-13,4,The academic resources are very helpful.
FB11739,ST10465,2026-05-17,3,The facilities are satisfactor.
FB11740,ST10192,2025-03-26,5,I am satisfied with the learning experience.
FB11741,ST10199,2024-10-23,5,I am satisfied with the learning experience.
FB11742,ST10789,2025-02-02,5,The courses are well structured and helpful.
FB11743,ST10085,2025-08-01,5,The academic resources need improvement.
FB11744,ST10024,2025-12-02,3,Some aspects of the program are useful.
FB11745,ST10888,2025-08-19,4,The placement training has been useful.
FB11746,ST10110,2026-06-22,4,The faculty members are very supportive.
FB11747,ST10096,2025-08-27,4,The faculty members are very supportive.
FB11748,ST10401,2024-12-28,5,The courses are well structured and helpful.
FB11749,ST10076,2025-02-04,4,The academic resources are very helpful.
FB11750,ST10216,2026-05-24,3,The learning experience is neither good nor bad.
FB11751,ST10912,2025-07-03,4,The placement training has been useful.
FB11752,ST10185,2025-11-27,4,I am satisfied with the learning experience.
FB11753,ST10121,2024-12-06,4,The faculty support could be better.
FB11754,ST10496,2026-04-27,4,The placement opportunities are not sufficient.
FB11755,ST10560,2025-11-13,5,The practical sessions are excellent.
FB11756,ST10949,2026-05-17,4,The practical sessions are excellent.
FB11757,ST10549,2026-04-06,4,The practical sessions are excellent.
FB11758,ST10222,2025-01-06,4,The placment training needs serious improvement.
FB11759,ST10921,2025-12-15,4,The faculty members are very supportive.
FB11760,ST10226,2026-01-12,4,The academic resources are very helpful.
FB11761,ST10275,2025-09-18,4,I am satisfied with the learning experience.
FB11762,ST10357,2025-03-11,3,The facilities are satisfactor.
FB11763,ST10479,2024-12-26,3,The learning experience is neither good nor bad.
FB11764,ST10447,2026-03-03,4,The placement training has been useful.
FB11765,ST10257,2026-02-01,5,The academic resources are very helpful.
FB11766,ST10985,2025-05-11,5,The practical sessions are excellent.
FB11767,ST10170,2026-08-04,3,The learning experience is neither good nor bad.
FB11768,ST10444,2025-08-05,3,The practical sessions need complete overhaul.
FB11769,ST10611,2025-11-24,3,The facilities are satisfactor.
FB11770,ST10638,2025-11-19,5,The placement training has been useful.
FB11771,ST10205,2024-10-10,4,The faculty members are very supportive.
FB11772,ST10461,2025-02-12,5,The courses are well structured and helpful.
FB11773,ST10601,2025-06-07,5,The practical sessions are excellent.
FB11774,ST10408,2025-06-13,5,I am satisfied with the learning experience.
FB11775,ST10440,2024-11-28,3,The facilities are satisfactor.
FB11776,ST10252,2024-11-10,5,The academic resources are very helpful.
FB11777,ST10381,2024-08-30,4,The faculty members are very supportive.
FB11778,ST10010,2025-01-22,5,The courses are well structured and helpful.
FB11779,ST10219,2025-09-28,4,The faculty members are very supportive.
FB11780,ST10576,2026-06-16,4,The faculty members are very supportive.
FB11781,ST10540,2026-07-25,5,The practical sessions are excellent.
FB11782,ST10734,2025-09-13,3,The overall experience is average.
FB11783,ST10588,2026-01-31,3,The practical sessions need complete overhaul.
FB11784,ST10699,2025-07-10,3,The facilities are satisfactor.
FB11785,ST10833,2026-05-21,4,I am satisfied with the learning experience.
FB11786,ST10822,2024-12-12,5,The courses are well structured and helpful.
FB11787,ST10432,2025-12-01,4,The placement training has been useful.
FB11788,ST10616,2024-10-31,4,The placement training has been useful.
FB11789,ST10591,2025-01-02,4,The courses are well structured and helpful.
FB11790,ST10934,2025-08-22,5,I am satisfied with the learning experience.
FB11791,ST10038,2026-07-19,5,The placement opportunities are not sufficient.
FB11792,ST10041,2025-12-08,4,The courses are well structured and helpful.
FB11793,ST10482,2025-11-26,5,The placement training has been useful.
FB11794,ST10282,2024-09-17,5,The faculty members are very supportive.
FB11795,ST10082,2026-06-30,5,The faculty members are very supportive.
FB11796,ST10628,2026-04-18,5,The faculty members are very supportive.
FB11797,ST10506,2025-10-04,5,The placment training needs serious improvement.
FB11798,ST10864,2025-09-12,4,The practical sessions are excellent.
FB11799,ST10030,2026-03-25,4,The courses are well structured and helpful.
FB11800,ST10108,2024-11-17,4,The academic resources need improvement.
FB11801,ST10742,2024-10-29,4,I am satisfied with the learning experience.
FB11802,ST10196,2025-08-27,3,The facilities are satisfactor.
FB11803,ST10836,2026-01-12,3,The placment training needs serious improvement.
FB11804,ST10957,2024-11-27,3,The overall experience is average.
FB11805,ST10266,2026-07-19,3,The placment training needs serious improvement.
FB11806,ST10114,2025-11-29,4,The faculty members are very supportive.
FB11807,ST10271,2025-10-10,5,The practical sessions are excellent.
FB11808,ST10277,2026-05-22,3,The courses are okay but could be improved.
FB11809,ST10598,2024-08-18,5,I am satisfied with the learning experience.
FB11810,ST10883,2026-07-15,5,The practical sessions are excellent.
FB11811,ST10653,2026-08-16,4,The courses are well structured and helpful.
FB11812,ST10592,2026-04-11,5,The placement training has been useful.
FB11813,ST10330,2026-01-27,3,The learning experience is neither good nor bad.
FB11814,ST10232,2026-01-04,4,The faculty members are very supportive.
FB11815,ST10362,2025-07-19,4,I am satisfied with the learning experience.
FB11816,ST10712,2025-09-27,4,The placement training has been useful.
FB11817,ST10218,2025-07-10,5,I am satisfied with the learning experience.
FB11818,ST10839,2025-06-01,4,The placement training has been useful.
FB11819,ST10349,2026-06-28,5,The practical sessions are excellent.
FB11820,ST10779,2024-09-20,5,The academic resources need improvement.
FB11821,ST10465,2026-02-10,3,Some aspects of the program are useful.
FB11822,ST10109,2025-10-03,3,The workload is too high.
FB11823,ST10939,2025-07-17,4,The placement training has been useful.
FB11824,ST10799,2025-02-12,5,The courses are well structured and helpful.
FB11825,ST10434,2026-08-16,4,The faculty members are very supportive.
FB11826,ST10151,2026-05-03,4,The courses are well structured and helpful.
FB11827,ST10247,2025-08-27,4,The placement training has been useful.
FB11828,ST10274,2026-04-23,5,The academic resources are very helpful.
FB11829,ST10361,2026-04-07,4,The practical sessions are excellent.
FB11830,ST10363,2025-06-10,5,I am satisfied with the learning experience.
FB11831,ST10515,2025-05-17,4,The faculty members are very supportive.
FB11832,ST10452,2025-11-18,4,The courses are well structured and helpful.
FB11833,ST10665,2026-05-04,4,The placement training has been useful.
FB11834,ST10302,2026-03-16,5,I am satisfied with the learning experience.
FB11835,ST10543,2026-07-24,3,Some aspects of the program are useful.
FB11836,ST10444,2026-04-01,4,The courses are well structured and helpful.
FB11837,ST10982,2026-05-30,4,The courses are well structured and helpful.
FB11838,ST10917,2026-02-10,4,The faculty members are very supportive.
FB11839,ST10068,2025-11-08,4,The faculty members are very supportive.
FB11840,ST10904,2024-11-01,3,The learning experience is neither good nor bad.
FB11841,ST10402,2025-07-14,5,I am satisfied with the learning experience.
FB11842,ST10508,2024-11-29,5,I am satisfied with the learning experience.
FB11843,ST10653,2025-03-03,5,The practical sessions are excellent.
FB11844,ST10752,2025-08-23,5,I am satisfied with the learning experience.
FB11845,ST10757,2026-04-04,4,The academic resources are very helpful.
FB11846,ST10175,2025-02-14,4,The courses are well structured and helpful.
FB11847,ST10192,2026-07-25,4,The placement training has been useful.
FB11848,ST10986,2026-06-16,5,The placement training has been useful.
FB11849,ST10343,2024-10-22,4,The faculty members are very supportive.
FB11850,ST10175,2025-03-26,3,The overall experience is average.
FB11851,ST10609,2025-11-25,4,The placement training has been useful.
FB11852,ST10501,2026-06-30,4,The practical sessions need complete overhaul.
FB11853,ST10113,2025-10-14,5,The courses are well structured and helpful.
FB11854,ST10856,2025-07-01,4,The practical sessions are excellent.
FB11855,ST10774,2025-03-06,4,The courses are well structured and helpful.
FB11856,ST10312,2025-01-11,4,The faculty support could be better.
FB11857,ST10464,2024-08-22,5,The faculty members are very supportive.
FB11858,ST10680,2026-02-19,5,The faculty members are very supportive.
FB11859,ST10014,2026-03-18,5,The faculty support could be better.
FB11860,ST10728,2026-04-23,5,The practical sessions are excellent.
FB11861,ST10116,2024-08-23,4,The practical sessions are excellent.
FB11862,ST10152,2025-11-09,4,The workload is too high.
FB11863,ST10676,2025-09-27,4,The faculty support could be better.
FB11864,ST10510,2024-11-17,5,The practical sessions are excellent.
FB11865,ST10369,2025-09-25,4,The courses are well structured and helpful.
FB11866,ST10943,2024-08-23,4,The academic resources need improvement.
FB11867,ST10111,2025-06-05,4,The academic resources need improvement.
FB11868,ST10696,2026-01-08,4,The placement training has been useful.
FB11869,ST10272,2025-01-24,4,The faculty support could be better.
FB11870,ST10910,2026-02-03,5,The practical sessions are excellent.
FB11871,ST10968,2026-05-04,5,The faculty support could be better.
FB11872,ST10196,2025-04-20,5,The practical sessions are excellent.
FB11873,ST10855,2025-07-01,3,The learning experience is neither good nor bad.
FB11874,ST10815,2025-05-26,5,The faculty members are very supportive.
FB11875,ST10113,2024-11-08,5,The practical sessions need complete overhaul.
FB11876,ST10950,2024-12-16,3,The learning experience is neither good nor bad.
FB11877,ST10698,2025-07-14,4,The faculty members are very supportive.
FB11878,ST10311,2026-01-06,5,The courses are well structured and helpful.
FB11879,ST10016,2025-11-15,5,I am satisfied with the learning experience.
FB11880,ST10846,2025-03-03,5,The courses are well structured and helpful.
FB11881,ST10314,2025-03-08,4,The faculty members are very supportive.
FB11882,ST10052,2026-06-13,5,The faculty members are very supportive.
FB11883,ST10805,2025-10-08,5,The academic resources need improvement.
FB11884,ST10982,2025-07-12,3,The courses are okay but could be improved.
FB11885,ST10977,2025-10-30,4,The faculty members are very supportive.
FB11886,ST10751,2025-05-29,4,The practical sessions are excellent.
FB11887,ST10298,2025-12-06,5,The placement training has been useful.
FB11888,ST10255,2025-03-20,5,The academic resources need improvement.
FB11889,ST10396,2026-01-28,5,The courses are well structured and helpful.
FB11890,ST10943,2025-06-22,4,The faculty members are very supportive.
FB11891,ST10578,2026-03-27,4,The faculty members are very supportive.
FB11892,ST10700,2025-01-23,3,The facilities are satisfactor.
FB11893,ST10139,2025-07-04,5,I am satisfied with the learning experience.
FB11894,ST10313,2025-10-20,5,The practical sessions are excellent.
FB11895,ST10559,2026-04-18,4,The placement training has been useful.
FB11896,ST10142,2025-10-25,5,The academic resources are very helpful.
FB11897,ST10516,2025-08-27,5,The academic resources need improvement.
FB11898,ST10367,2025-01-03,5,The placement training has been useful.
FB11899,ST10431,2025-06-01,5,The practical sessions need complete overhaul.
FB11900,ST10029,2025-10-26,5,The placment training needs serious improvement.
FB11901,ST10981,2025-10-23,3,The overall experience is average.
FB11902,ST10774,2025-08-28,4,The faculty members are very supportive.
FB11903,ST10595,2025-03-03,5,I am satisfied with the learning experience.
FB11904,ST10055,2025-04-13,3,The learning experience is neither good nor bad.
FB11905,ST10129,2025-11-09,5,The courses are well structured and helpful.
FB11906,ST10827,2025-05-12,3,Some aspects of the program are useful.
FB11907,ST10472,2026-04-11,3,The placment training needs serious improvement.
FB11908,ST10057,2026-02-16,4,The academic resources are very helpful.
FB11909,ST10342,2025-06-23,5,The faculty members are very supportive.
FB11910,ST10708,2026-03-12,4,The courses are well structured and helpful.
FB11911,ST10759,2024-12-03,4,The practical sessions are excellent.
FB11912,ST10719,2026-06-13,5,I am satisfied with the learning experience.
FB11913,ST10140,2026-06-19,4,The academic resources are very helpful.
FB11914,ST10309,2026-01-12,3,The overall experience is average.
FB11915,ST10825,2024-11-18,4,The academic resources are very helpful.
FB11916,ST10118,2026-03-21,4,I am satisfied with the learning experience.
FB11917,ST10533,2025-02-12,4,I am satisfied with the learning experience.
FB11918,ST10486,2025-07-30,5,The practical sessions are excellent.
FB11919,ST10401,2026-04-18,5,The courses are well structured and helpful.
FB11920,ST10415,2026-02-12,4,I am satisfied with the learning experience.
FB11921,ST10862,2024-12-21,4,The faculty support could be better.
FB11922,ST10842,2024-11-03,3,The learning experience is neither good nor bad.
FB11923,ST10880,2025-01-31,3,The overall experience is average.
FB11924,ST10443,2025-09-16,4,The courses are well structured and helpful.
FB11925,ST10146,2025-06-25,4,The academic resources need improvement.
FB11926,ST10247,2026-04-20,4,The academic resources are very helpful.
FB11927,ST10488,2025-05-07,4,The faculty members are very supportive.
FB11928,ST10983,2026-05-02,5,The faculty members are very supportive.
FB11929,ST10401,2025-10-19,5,The courses are well structured and helpful.
FB11930,ST10427,2025-12-07,5,The workload is too high.
FB11931,ST10029,2026-02-10,5,The courses are well structured and helpful.
FB11932,ST10012,2026-01-31,5,The courses are well structured and helpful.
FB11933,ST10044,2026-02-17,5,The faculty support could be better.
FB11934,ST10986,2024-09-27,5,The academic resources are very helpful.
FB11935,ST10284,2024-12-20,5,I am satisfied with the learning experience.
FB11936,ST10513,2025-06-16,5,The placement opportunities are not sufficient.
FB11937,ST10216,2025-12-24,5,The academic resources are very helpful.
FB11938,ST10526,2024-08-22,4,The academic resources are very helpful.
FB11939,ST10361,2026-05-04,3,Some aspects of the program are useful.
FB11940,ST10348,2024-10-27,5,I am satisfied with the learning experience.
FB11941,ST10804,2026-05-19,3,The facilities are satisfactor.
FB11942,ST10946,2024-12-08,5,The academic resources are very helpful.
FB11943,ST10386,2025-08-19,5,The placement opportunities are not sufficient.
FB11944,ST10675,2026-08-07,5,The academic resources are very helpful.
FB11945,ST10133,2025-11-27,3,Some aspects of the program are useful.
FB11946,ST10979,2025-07-22,5,The practical sessions are excellent.
FB11947,ST10070,2024-10-25,4,The academic resources are very helpful.
FB11948,ST10238,2024-10-06,5,The courses are well structured and helpful.
FB11949,ST10957,2025-03-10,3,The facilities are satisfactor.
FB11950,ST10779,2025-02-06,4,The academic resources are very helpful.
FB11951,ST10108,2025-06-02,4,The workload is too high.
FB11952,ST10746,2024-10-19,4,The practical sessions need complete overhaul.
FB11953,ST10945,2025-12-04,5,The practical sessions are excellent.
FB11954,ST10118,2024-09-16,4,The academic resources are very helpful.
FB11955,ST10453,2026-03-03,3,Some aspects of the program are useful.
FB11956,ST10647,2025-06-12,3,The workload is too high.
FB11957,ST10329,2026-08-10,5,The placement training has been useful.
FB11958,ST10137,2025-06-25,5,The placement opportunities are not sufficient.
FB11959,ST10570,2025-12-07,5,The faculty members are very supportive.
FB11960,ST10449,2026-01-09,3,The courses are okay but could be improved.
FB11961,ST10207,2025-09-26,3,The learning experience is neither good nor bad.
FB11962,ST10834,2025-03-28,4,I am satisfied with the learning experience.
FB11963,ST10597,2026-02-21,4,The academic resources are very helpful.
FB11964,ST10209,2025-11-25,4,I am satisfied with the learning experience.
FB11965,ST10369,2024-10-01,3,Some aspects of the program are useful.
FB11966,ST10560,2026-04-10,3,The faculty support could be better.
FB11967,ST10190,2026-05-17,3,Some aspects of the program are useful.
FB11968,ST10509,2025-01-01,5,I am satisfied with the learning experience.
FB11969,ST10513,2025-12-28,4,The practical sessions are excellent.
FB11970,ST10821,2025-09-05,5,The placement training has been useful.
FB11971,ST10895,2025-07-24,4,The courses are well structured and helpful.
FB11972,ST10802,2024-08-26,4,The courses are well structured and helpful.
FB11973,ST10511,2025-01-21,5,The practical sessions are excellent.
FB11974,ST10024,2026-06-09,5,The faculty members are very supportive.
FB11975,ST10400,2026-01-10,3,The overall experience is average.
FB11976,ST10894,2026-08-10,3,The faculty support could be better.
FB11977,ST10077,2026-05-04,5,I am satisfied with the learning experience.
FB11978,ST10409,2025-09-24,3,Some aspects of the program are useful.
FB11979,ST10715,2025-03-28,3,The placement opportunities are not sufficient.
FB11980,ST10483,2025-01-16,3,The faculty support could be better.
FB11981,ST10669,2024-09-13,5,The faculty members are very supportive.
FB11982,ST10268,2026-04-18,4,The courses are well structured and helpful.
FB11983,ST10210,2025-11-26,5,The academic resources are very helpful.
FB11984,ST10947,2025-09-18,3,The overall experience is average.
FB11985,ST10242,2025-09-22,4,The practical sessions are excellent.
FB11986,ST10355,2026-02-11,4,The practical sessions need complete overhaul.
FB11987,ST10613,2025-02-13,3,The overall experience is average.
FB11988,ST10909,2025-12-08,5,I am satisfied with the learning experience.
FB11989,ST10741,2024-12-27,5,The courses are well structured and helpful.
FB11990,ST10520,2026-01-23,5,The faculty members are very supportive.
FB11991,ST10490,2024-09-15,4,I am satisfied with the learning experience.
FB11992,ST10954,2025-05-24,5,I am satisfied with the learning experience.
FB11993,ST10699,2025-02-19,3,The overall experience is average.
FB11994,ST10566,2026-01-08,5,The placement training has been useful.
FB11995,ST10713,2024-08-18,5,The academic resources are very helpful.
FB11996,ST10563,2024-12-18,4,The placement training has been useful.
FB11997,ST10919,2024-10-24,3,The facilities are satisfactor.
FB11998,ST10361,2025-03-20,4,The placement training has been useful.
FB11999,ST10244,2026-04-15,4,The practical sessions are excellent.
FB12000,ST10233,2025-06-24,4,The practical sessions are excellent.
FB12001,ST10822,2025-05-19,4,The academic resources are very helpful.
FB12002,ST10833,2026-01-20,4,The courses are well structured and helpful.
FB12003,ST10450,2025-06-20,5,The courses are well structured and helpful.
FB12004,ST10359,2025-06-28,3,The courses are okay but could be improved.
FB12005,ST10300,2025-11-16,5,The placement training has been useful.
FB12006,ST10674,2025-01-20,4,The courses are well structured and helpful.
FB12007,ST10257,2025-09-24,4,The workload is too high.
FB12008,ST10507,2024-08-29,3,The facilities are satisfactor.
FB12009,ST10920,2026-03-13,3,The workload is too high.
FB12010,ST10455,2026-02-15,3,The facilities are satisfactor.
FB12011,ST10799,2024-10-10,4,The academic resources are very helpful.
FB12012,ST10540,2026-08-01,4,The faculty support could be better.
FB12013,ST10715,2024-10-27,4,The courses are well structured and helpful.
FB12014,ST10355,2025-10-18,4,The academic resources need improvement.
FB12015,ST10974,2025-03-26,3,The facilities are satisfactor.
FB12016,ST10081,2026-03-05,4,I am satisfied with the learning experience.
FB12017,ST10313,2026-05-24,3,The courses are okay but could be improved.
FB12018,ST10126,2025-10-26,4,I am satisfied with the learning experience.
FB12019,ST10241,2026-07-29,3,The learning experience is neither good nor bad.
FB12020,ST10976,2025-11-13,4,The placement training has been useful.
FB12021,ST10277,2025-05-15,5,The placement training has been useful.
FB12022,ST10848,2025-05-14,5,The placment training needs serious improvement.
FB12023,ST10286,2026-05-13,5,The practical sessions need complete overhaul.
FB12024,ST10508,2025-03-20,5,The placement training has been useful.
FB12025,ST10455,2025-02-09,5,I am satisfied with the learning experience.
FB12026,ST10189,2025-12-01,3,Some aspects of the program are useful.
FB12027,ST10054,2025-01-16,3,The overall experience is average.
FB12028,ST10555,2025-08-06,3,The overall experience is average.
FB12029,ST10932,2026-08-10,3,The facilities are satisfactor.
FB12030,ST10945,2025-06-27,3,The faculty support could be better.
FB12031,ST10830,2025-11-07,3,The courses are okay but could be improved.
FB12032,ST10776,2024-08-21,5,The academic resources are very helpful.
FB12033,ST10887,2025-03-08,4,The academic resources are very helpful.
FB12034,ST10827,2024-12-31,5,The placement training has been useful.
FB12035,ST10880,2025-06-30,5,The placement opportunities are not sufficient.
FB12036,ST10475,2025-09-15,5,The academic resources are very helpful.
FB12037,ST10167,2024-11-08,5,The practical sessions need complete overhaul.
FB12038,ST10764,2025-10-25,5,The workload is too high.
FB12039,ST10136,2024-10-13,5,The faculty support could be better.
FB12040,ST10819,2025-09-12,3,The facilities are satisfactor.
FB12041,ST10088,2025-04-03,3,The placement opportunities are not sufficient.
FB12042,ST10303,2025-05-09,4,The placement training has been useful.
FB12043,ST10631,2024-11-16,5,The faculty members are very supportive.
FB12044,ST10802,2026-05-03,3,Some aspects of the program are useful.
FB12045,ST10013,2025-09-20,5,The practical sessions are excellent.
FB12046,ST10857,2025-03-06,5,I am satisfied with the learning experience.
FB12047,ST10474,2026-06-29,5,The courses are well structured and helpful.
FB12048,ST10038,2025-10-09,5,The practical sessions need complete overhaul.
FB12049,ST10654,2026-05-11,5,The workload is too high.
FB12050,ST10419,2026-04-26,5,The courses are well structured and helpful.
FB12051,ST10919,2025-11-07,3,The facilities are satisfactor.
FB12052,ST10977,2025-02-28,5,I am satisfied with the learning experience.
FB12053,ST10785,2026-02-08,3,The facilities are satisfactor.
FB12054,ST10890,2025-07-27,4,I am satisfied with the learning experience.
FB12055,ST10151,2025-06-06,4,The academic resources need improvement.
FB12056,ST10051,2025-10-29,4,The academic resources are very helpful.
FB12057,ST10189,2025-08-28,3,The learning experience is neither good nor bad.
FB12058,ST10594,2026-04-08,4,The practical sessions are excellent.
FB12059,ST10063,2025-02-22,4,The faculty support could be better.
FB12060,ST10999,2026-03-29,5,The academic resources are very helpful.
FB12061,ST10554,2025-05-08,3,Some aspects of the program are useful.
FB12062,ST10241,2026-04-12,5,The courses are well structured and helpful.
FB12063,ST10116,2025-08-09,4,I am satisfied with the learning experience.
FB12064,ST10334,2026-01-29,5,The academic resources are very helpful.
FB12065,ST10074,2025-08-10,3,The facilities are satisfactor.
FB12066,ST10147,2026-07-15,5,The practical sessions are excellent.
FB12067,ST10344,2025-11-16,5,The academic resources need improvement.
FB12068,ST10384,2026-06-18,4,The faculty members are very supportive.
FB12069,ST10165,2024-09-08,4,The faculty members are very supportive.
FB12070,ST10934,2025-08-27,4,The courses are well structured and helpful.
FB12071,ST10828,2024-11-16,5,The academic resources are very helpful.
FB12072,ST10963,2025-03-06,4,The practical sessions are excellent.
FB12073,ST10673,2024-10-09,3,The learning experience is neither good nor bad.
FB12074,ST10781,2025-06-11,3,The placment training needs serious improvement.
FB12075,ST10979,2025-12-23,5,I am satisfied with the learning experience.
FB12076,ST10552,2026-04-22,3,Some aspects of the program are useful.
FB12077,ST10818,2025-02-05,5,The placement training has been useful.
FB12078,ST10325,2026-01-25,5,The practical sessions are excellent.
FB12079,ST10933,2026-02-13,5,I am satisfied with the learning experience.
FB12080,ST10237,2025-02-12,4,The academic resources are very helpful.
FB12081,ST10710,2026-05-01,5,The academic resources are very helpful.
FB12082,ST10371,2025-04-20,4,The practical sessions are excellent.
FB12083,ST10937,2025-07-04,4,The placement training has been useful.
FB12084,ST10460,2025-05-19,3,The courses are okay but could be improved.
FB12085,ST10584,2025-09-23,3,The workload is too high.
FB12086,ST10948,2025-10-08,4,The placement training has been useful.
FB12087,ST10621,2024-08-25,5,The faculty members are very supportive.
FB12088,ST10322,2026-02-13,5,The placement training has been useful.
FB12089,ST10518,2026-05-26,5,The placement opportunities are not sufficient.
FB12090,ST10507,2025-03-10,3,The courses are okay but could be improved.
FB12091,ST10922,2025-02-26,4,The placement training has been useful.
FB12092,ST10171,2025-03-29,5,The faculty members are very supportive.
FB12093,ST10761,2024-10-29,5,The courses are well structured and helpful.
FB12094,ST10025,2025-06-23,3,The overall experience is average.
FB12095,ST10136,2026-01-23,5,The practical sessions are excellent.
FB12096,ST10926,2026-03-22,5,I am satisfied with the learning experience.
FB12097,ST10714,2026-05-17,5,The academic resources are very helpful.
FB12098,ST10122,2025-05-10,4,The faculty members are very supportive.
FB12099,ST10740,2024-10-16,5,The academic resources are very helpful.
FB12100,ST10973,2025-10-22,5,The placement training has been useful.
FB12101,ST10759,2026-08-11,5,The faculty support could be better.
FB12102,ST10776,2025-01-03,4,I am satisfied with the learning experience.
FB12103,ST10742,2025-08-23,3,Some aspects of the program are useful.
FB12104,ST10086,2025-04-18,5,The courses are well structured and helpful.
FB12105,ST10691,2025-05-19,3,The learning experience is neither good nor bad.
FB12106,ST10329,2025-02-03,5,The practical sessions are excellent.
FB12107,ST10968,2026-07-13,3,The courses are okay but could be improved.
FB12108,ST10305,2025-11-06,5,The courses are well structured and helpful.
FB12109,ST10293,2025-03-14,4,The faculty members are very supportive.
FB12110,ST10977,2025-01-06,4,The academic resources are very helpful.
FB12111,ST10441,2026-03-20,5,The practical sessions are excellent.
FB12112,ST10102,2026-01-30,4,I am satisfied with the learning experience.
FB12113,ST10295,2026-08-10,4,The placement training has been useful.
FB12114,ST10907,2026-07-25,4,The faculty members are very supportive.
FB12115,ST10947,2025-01-12,4,The faculty members are very supportive.
FB12116,ST10099,2025-09-09,4,The practical sessions are excellent.
FB12117,ST10029,2026-03-13,4,The courses are well structured and helpful.
FB12118,ST10007,2025-01-20,5,The courses are well structured and helpful.
FB12119,ST10209,2025-02-16,5,The practical sessions are excellent.
FB12120,ST10750,2026-03-12,5,I am satisfied with the learning experience.
FB12121,ST10303,2025-02-22,5,The academic resources need improvement.
FB12122,ST10724,2026-06-26,5,The placment training needs serious improvement.
FB12123,ST10456,2025-03-12,5,The practical sessions need complete overhaul.
FB12124,ST10270,2025-01-25,5,I am satisfied with the learning experience.
FB12125,ST10750,2025-02-12,3,The facilities are satisfactor.
FB12126,ST10823,2025-01-22,4,I am satisfied with the learning experience.
FB12127,ST10335,2026-05-28,5,The faculty members are very supportive.
FB12128,ST10465,2025-02-27,3,Some aspects of the program are useful.
FB12129,ST10689,2026-05-29,3,The facilities are satisfactor.
FB12130,ST10914,2025-12-11,3,The practical sessions need complete overhaul.
FB12131,ST10103,2025-05-21,3,The placement opportunities are not sufficient.
FB12132,ST10326,2024-12-17,4,The practical sessions are excellent.
FB12133,ST10972,2026-04-15,3,The overall experience is average.
FB12134,ST10252,2024-11-08,4,The placement training has been useful.
FB12135,ST10690,2024-11-19,4,The placement training has been useful.
FB12136,ST10497,2026-08-02,4,The academic resources need improvement.
FB12137,ST10509,2024-10-17,4,I am satisfied with the learning experience.
FB12138,ST10974,2026-01-24,4,The academic resources are very helpful.
FB12139,ST10004,2026-01-15,4,The placement training has been useful.
FB12140,ST10728,2025-09-04,5,The placement training has been useful.
FB12141,ST10629,2025-12-07,4,The practical sessions are excellent.
FB12142,ST10654,2024-08-23,4,The practical sessions are excellent.
FB12143,ST10899,2026-04-03,5,I am satisfied with the learning experience.
FB12144,ST10685,2026-06-14,5,The academic resources are very helpful.
FB12145,ST10613,2025-10-12,5,The placement training has been useful.
FB12146,ST10099,2024-09-19,5,The faculty members are very supportive.
FB12147,ST10993,2026-06-07,5,I am satisfied with the learning experience.
FB12148,ST10119,2025-08-27,4,The faculty members are very supportive.
FB12149,ST10356,2025-06-02,3,The courses are okay but could be improved.
FB12150,ST10793,2025-12-13,3,The practical sessions need complete overhaul.
FB12151,ST10616,2025-04-19,4,I am satisfied with the learning experience.
FB12152,ST10298,2025-09-04,5,I am satisfied with the learning experience.
FB12153,ST10063,2026-07-16,5,The faculty members are very supportive.
FB12154,ST10692,2026-07-03,5,The placement training has been useful.
FB12155,ST10436,2026-07-15,5,The courses are well structured and helpful.
FB12156,ST10498,2025-11-07,3,The facilities are satisfactor.
FB12157,ST10652,2026-06-23,3,The faculty support could be better.
FB12158,ST10459,2025-03-19,4,The practical sessions are excellent.
FB12159,ST10549,2025-09-03,4,The academic resources are very helpful.
FB12160,ST10971,2025-01-07,4,The placement opportunities are not sufficient.
FB12161,ST10338,2026-04-03,4,The practical sessions are excellent.
FB12162,ST10974,2026-07-30,3,The learning experience is neither good nor bad.
FB12163,ST10093,2025-09-19,3,The facilities are satisfactor.
FB12164,ST10935,2025-03-23,4,The practical sessions are excellent.
FB12165,ST10671,2025-06-23,5,I am satisfied with the learning experience.
FB12166,ST10549,2025-02-06,5,I am satisfied with the learning experience.
FB12167,ST10881,2026-03-23,3,The facilities are satisfactor.
FB12168,ST10821,2025-11-08,5,The faculty members are very supportive.
FB12169,ST10424,2024-11-25,4,The academic resources are very helpful.
FB12170,ST10963,2024-09-29,4,The courses are well structured and helpful.
FB12171,ST10514,2025-09-30,4,The placement training has been useful.
FB12172,ST10161,2026-04-30,4,The courses are well structured and helpful.
FB12173,ST10647,2025-07-12,3,The courses are okay but could be improved.
FB12174,ST10035,2025-08-24,5,The courses are well structured and helpful.
FB12175,ST10672,2026-08-17,5,The academic resources are very helpful.
FB12176,ST10883,2025-10-12,5,The courses are well structured and helpful.
FB12177,ST10021,2024-09-12,4,The practical sessions are excellent.
FB12178,ST10098,2025-09-12,3,The learning experience is neither good nor bad.
FB12179,ST10199,2025-05-14,3,The faculty support could be better.
FB12180,ST10804,2025-06-19,4,The practical sessions are excellent.
FB12181,ST10310,2026-06-17,4,I am satisfied with the learning experience.
FB12182,ST10271,2026-02-02,4,The placement opportunities are not sufficient.
FB12183,ST10483,2026-04-12,4,The placement training has been useful.
FB12184,ST10228,2024-12-31,4,The placement opportunities are not sufficient.
FB12185,ST10286,2025-08-08,4,The academic resources are very helpful.
FB12186,ST10392,2024-11-19,5,The placement training has been useful.
FB12187,ST10975,2026-02-11,4,The practical sessions are excellent.
FB12188,ST10464,2025-09-24,5,The courses are well structured and helpful.
FB12189,ST10790,2025-08-10,5,The faculty members are very supportive.
FB12190,ST10577,2025-04-20,5,The faculty members are very supportive.
FB12191,ST10148,2026-02-04,5,The placment training needs serious improvement.
FB12192,ST10098,2024-08-24,5,I am satisfied with the learning experience.
FB12193,ST10608,2024-08-27,5,I am satisfied with the learning experience.
FB12194,ST10632,2026-01-23,5,The placement opportunities are not sufficient.
FB12195,ST10741,2025-01-28,5,The workload is too high.
FB12196,ST10061,2025-06-08,3,The facilities are satisfactor.
FB12197,ST10422,2025-11-12,4,The faculty members are very supportive.
FB12198,ST10038,2024-11-04,5,The practical sessions are excellent.
FB12199,ST10893,2025-04-27,4,The academic resources are very helpful.
FB12200,ST10774,2025-05-25,5,The placement training has been useful.
FB12201,ST10321,2025-12-06,5,The workload is too high.
FB12202,ST10330,2026-06-18,4,The placement training has been useful.
FB12203,ST10944,2025-03-07,4,The academic resources are very helpful.
FB12204,ST10385,2025-01-10,4,The courses are well structured and helpful.
FB12205,ST10533,2025-10-18,3,The courses are okay but could be improved.
FB12206,ST10203,2025-03-10,4,The courses are well structured and helpful.
FB12207,ST10907,2025-02-18,5,I am satisfied with the learning experience.
FB12208,ST10144,2025-03-15,3,Some aspects of the program are useful.
FB12209,ST10429,2025-08-19,4,The faculty members are very supportive.
FB12210,ST10446,2025-12-07,4,The academic resources need improvement.
FB12211,ST10945,2025-05-11,4,The faculty support could be better.
FB12212,ST10536,2025-05-29,4,The faculty members are very supportive.
FB12213,ST10145,2025-01-07,4,The academic resources are very helpful.
FB12214,ST10823,2025-09-09,3,The facilities are satisfactor.
FB12215,ST10532,2025-07-13,3,The learning experience is neither good nor bad.
FB12216,ST10474,2025-01-28,4,The faculty members are very supportive.
FB12217,ST10169,2025-07-09,4,The placement training has been useful.
FB12218,ST10326,2026-02-13,5,I am satisfied with the learning experience.
FB12219,ST10069,2026-03-25,5,The placment training needs serious improvement.
FB12220,ST10320,2025-06-03,3,The courses are okay but could be improved.
FB12221,ST10711,2025-05-28,5,The placement training has been useful.
FB12222,ST10097,2026-06-12,4,The placement training has been useful.
FB12223,ST10069,2025-06-25,4,The practical sessions are excellent.
FB12224,ST10354,2025-03-23,3,The courses are okay but could be improved.
FB12225,ST10282,2025-08-03,5,The placement training has been useful.
FB12226,ST10377,2025-01-04,3,The learning experience is neither good nor bad.
FB12227,ST10957,2025-11-04,4,The practical sessions are excellent.
FB12228,ST10080,2024-11-27,4,The courses are well structured and helpful.
FB12229,ST10287,2025-11-08,4,The practical sessions are excellent.
FB12230,ST10130,2026-02-01,3,Some aspects of the program are useful.
FB12231,ST10661,2025-02-11,3,The facilities are satisfactor.
FB12232,ST10590,2026-05-12,3,Some aspects of the program are useful.
FB12233,ST10620,2024-11-03,5,The academic resources are very helpful.
FB12234,ST10215,2026-02-28,4,I am satisfied with the learning experience.
FB12235,ST10094,2025-03-15,4,The placement opportunities are not sufficient.
FB12236,ST10151,2026-05-04,4,The placement training has been useful.
FB12237,ST10332,2025-02-17,4,The courses are well structured and helpful.
FB12238,ST10524,2025-10-23,4,The practical sessions need complete overhaul.
FB12239,ST10681,2025-07-19,4,The faculty members are very supportive.
FB12240,ST10247,2026-06-14,5,The placement training has been useful.
FB12241,ST10724,2025-06-09,5,The faculty members are very supportive.
FB12242,ST10544,2025-01-17,4,The practical sessions are excellent.
FB12243,ST10979,2024-12-09,5,The academic resources are very helpful.
FB12244,ST10729,2026-05-01,5,The placement training has been useful.
FB12245,ST10502,2026-03-14,3,The facilities are satisfactor.
FB12246,ST10702,2024-12-12,5,The placement training has been useful.
FB12247,ST10183,2025-08-20,5,The faculty members are very supportive.
FB12248,ST10790,2026-05-05,3,The learning experience is neither good nor bad.
FB12249,ST10219,2024-08-25,3,The courses are okay but could be improved.
FB12250,ST10392,2025-01-02,4,The academic resources are very helpful.
FB12251,ST10201,2025-07-11,4,The practical sessions are excellent.
FB12252,ST10006,2025-09-10,4,The faculty members are very supportive.
FB12253,ST10933,2024-11-30,4,The faculty members are very supportive.
FB12254,ST10622,2026-07-12,5,The academic resources are very helpful.
FB12255,ST10658,2026-06-08,5,The courses are well structured and helpful.
FB12256,ST10281,2025-12-20,3,Some aspects of the program are useful.
FB12257,ST10844,2025-09-23,5,The academic resources are very helpful.
FB12258,ST10623,2025-10-06,3,The learning experience is neither good nor bad.
FB12259,ST10178,2026-02-28,4,The academic resources are very helpful.
FB12260,ST10040,2025-04-20,4,The practical sessions are excellent.
FB12261,ST10723,2026-04-19,3,The courses are okay but could be improved.
FB12262,ST10085,2025-08-30,4,The courses are well structured and helpful.
FB12263,ST10455,2025-04-08,3,The overall experience is average.
FB12264,ST10322,2025-02-28,5,The practical sessions are excellent.
FB12265,ST10874,2025-10-28,4,The practical sessions are excellent.
FB12266,ST10341,2026-06-15,4,The faculty support could be better.
FB12267,ST10920,2025-11-02,3,Some aspects of the program are useful.
FB12268,ST10740,2024-09-24,3,The placement opportunities are not sufficient.
FB12269,ST10015,2025-06-23,3,The practical sessions need complete overhaul.
FB12270,ST10427,2024-11-02,3,The academic resources need improvement.
FB12271,ST10063,2026-02-05,4,The practical sessions are excellent.
FB12272,ST10747,2024-12-22,5,I am satisfied with the learning experience.
FB12273,ST10046,2024-10-03,5,I am satisfied with the learning experience.
FB12274,ST10178,2025-02-01,3,The overall experience is average.
FB12275,ST10319,2026-05-12,4,The faculty members are very supportive.
FB12276,ST10350,2025-03-03,4,The academic resources are very helpful.
FB12277,ST10580,2025-08-23,4,The placment training needs serious improvement.
FB12278,ST10120,2026-05-31,4,The workload is too high.
FB12279,ST10748,2025-12-20,4,The faculty members are very supportive.
FB12280,ST10786,2024-10-31,4,The courses are well structured and helpful.
FB12281,ST10654,2025-08-02,4,The courses are well structured and helpful.
FB12282,ST10316,2026-03-19,4,The academic resources need improvement.
FB12283,ST10966,2025-05-04,4,The workload is too high.
FB12284,ST10766,2025-03-07,3,The courses are okay but could be improved.
FB12285,ST10318,2025-05-25,5,The academic resources are very helpful.
FB12286,ST10183,2025-05-24,5,The practical sessions are excellent.
FB12287,ST10424,2025-10-27,5,I am satisfied with the learning experience.
FB12288,ST10905,2025-10-25,5,The faculty members are very supportive.
FB12289,ST10715,2026-08-11,5,The courses are well structured and helpful.
FB12290,ST10364,2026-05-09,5,The faculty members are very supportive.
FB12291,ST10850,2025-03-06,3,The courses are okay but could be improved.
FB12292,ST10038,2025-05-12,3,The placement opportunities are not sufficient.
FB12293,ST10395,2024-09-02,4,The practical sessions are excellent.
FB12294,ST10720,2025-07-03,5,The academic resources are very helpful.
FB12295,ST10213,2024-11-20,5,The practical sessions are excellent.
FB12296,ST10093,2025-05-17,5,I am satisfied with the learning experience.
FB12297,ST10224,2026-06-22,4,The courses are well structured and helpful.
FB12298,ST10530,2026-01-27,3,The courses are okay but could be improved.
FB12299,ST10487,2025-12-01,5,The practical sessions are excellent.
FB12300,ST10382,2025-01-19,4,The academic resources are very helpful.
FB12301,ST10331,2025-11-09,3,The facilities are satisfactor.
FB12302,ST10891,2025-11-08,3,The workload is too high.
FB12303,ST10432,2026-01-04,4,The faculty members are very supportive.
FB12304,ST10192,2026-01-04,4,The faculty support could be better.
FB12305,ST10167,2025-10-10,4,I am satisfied with the learning experience.
FB12306,ST10450,2024-12-31,4,The practical sessions need complete overhaul.
FB12307,ST10608,2026-04-16,5,The placement training has been useful.
FB12308,ST10485,2025-03-27,5,The faculty support could be better.
FB12309,ST10741,2025-05-20,5,The faculty members are very supportive.
FB12310,ST10695,2025-04-27,4,The courses are well structured and helpful.
FB12311,ST10782,2026-01-22,4,The placement opportunities are not sufficient.
FB12312,ST10111,2025-09-18,5,The faculty members are very supportive.
FB12313,ST10608,2025-08-31,4,The practical sessions are excellent.
FB12314,ST10945,2026-04-11,4,The practical sessions are excellent.
FB12315,ST10975,2026-03-13,4,The workload is too high.
FB12316,ST10134,2025-07-31,3,The overall experience is average.
FB12317,ST10994,2026-07-09,5,I am satisfied with the learning experience.
FB12318,ST10470,2024-10-17,4,The placement training has been useful.
FB12319,ST10675,2025-06-09,5,I am satisfied with the learning experience.
FB12320,ST10315,2025-12-07,4,I am satisfied with the learning experience.
FB12321,ST10448,2025-03-28,4,I am satisfied with the learning experience.
FB12322,ST10702,2025-08-13,4,The faculty members are very supportive.
FB12323,ST10489,2025-12-21,5,The courses are well structured and helpful.
FB12324,ST10564,2024-12-08,3,The courses are okay but could be improved.
FB12325,ST10935,2026-06-23,5,The placement training has been useful.
FB12326,ST10724,2024-12-26,5,The courses are well structured and helpful.
FB12327,ST10132,2025-12-28,5,I am satisfied with the learning experience.
FB12328,ST10792,2026-05-07,5,The faculty members are very supportive.
FB12329,ST10612,2026-08-09,5,The courses are well structured and helpful.
FB12330,ST10501,2025-05-07,3,Some aspects of the program are useful.
FB12331,ST10028,2025-07-11,4,The practical sessions are excellent.
FB12332,ST10787,2025-12-21,5,The faculty members are very supportive.
FB12333,ST10514,2025-12-06,5,The placement opportunities are not sufficient.
FB12334,ST10614,2025-11-05,3,The overall experience is average.
FB12335,ST10662,2025-06-28,4,The placement training has been useful.
FB12336,ST10046,2026-06-08,4,The placement training has been useful.
FB12337,ST10348,2026-07-23,5,I am satisfied with the learning experience.
FB12338,ST10155,2024-10-12,5,The placement training has been useful.
FB12339,ST10036,2024-10-18,4,The placement training has been useful.
FB12340,ST10168,2024-12-21,4,The practical sessions are excellent.
FB12341,ST10477,2025-05-11,4,The faculty support could be better.
FB12342,ST10703,2025-02-11,3,The learning experience is neither good nor bad.
FB12343,ST10823,2025-04-18,3,The workload is too high.
FB12344,ST10327,2025-04-21,5,The practical sessions are excellent.
FB12345,ST10703,2026-01-07,5,The placement training has been useful.
FB12346,ST10433,2025-04-01,3,The facilities are satisfactor.
FB12347,ST10436,2026-02-20,4,The academic resources are very helpful.
FB12348,ST10619,2025-03-13,4,The practical sessions need complete overhaul.
FB12349,ST10515,2025-12-01,5,The placement training has been useful.
FB12350,ST10865,2025-12-31,4,The faculty members are very supportive.
FB12351,ST10805,2025-06-21,5,The placement training has been useful.
FB12352,ST10892,2025-03-16,3,The courses are okay but could be improved.
FB12353,ST10008,2026-07-08,5,The academic resources are very helpful.
FB12354,ST10203,2025-07-29,5,The practical sessions are excellent.
FB12355,ST10446,2026-04-16,4,The faculty members are very supportive.
FB12356,ST10125,2026-06-19,4,The practical sessions need complete overhaul.
FB12357,ST10376,2026-08-17,5,The practical sessions are excellent.
FB12358,ST10259,2025-05-27,5,The academic resources are very helpful.
FB12359,ST10786,2026-03-21,5,The placement opportunities are not sufficient.
FB12360,ST10274,2025-11-16,5,The faculty members are very supportive.
FB12361,ST10018,2025-09-26,4,The faculty members are very supportive.
FB12362,ST10611,2025-08-02,4,The academic resources are very helpful.
FB12363,ST10545,2025-07-05,3,The courses are okay but could be improved.
FB12364,ST10180,2024-12-25,4,The courses are well structured and helpful.
FB12365,ST10745,2025-01-07,5,The placement training has been useful.
FB12366,ST10915,2026-06-12,4,The placement training has been useful.
FB12367,ST10941,2024-09-04,4,The academic resources need improvement.
FB12368,ST10841,2024-11-23,4,The placement training has been useful.
FB12369,ST10079,2026-03-06,4,The courses are well structured and helpful.
FB12370,ST10624,2025-02-16,4,The academic resources need improvement.
FB12371,ST10832,2026-01-14,4,The practical sessions need complete overhaul.
FB12372,ST10525,2025-03-01,4,The placment training needs serious improvement.
FB12373,ST10346,2026-08-18,4,The academic resources need improvement.
FB12374,ST10310,2026-03-18,4,The courses are well structured and helpful.
FB12375,ST10974,2026-02-13,3,The overall experience is average.
FB12376,ST10857,2026-03-23,3,The placment training needs serious improvement.
FB12377,ST10813,2024-10-19,5,The faculty members are very supportive.
FB12378,ST10631,2025-01-28,4,I am satisfied with the learning experience.
FB12379,ST10384,2024-12-25,5,I am satisfied with the learning experience.
FB12380,ST10282,2025-06-22,3,The courses are okay but could be improved.
FB12381,ST10284,2024-11-06,5,The courses are well structured and helpful.
FB12382,ST10932,2024-10-31,5,The faculty members are very supportive.
FB12383,ST10006,2024-10-06,5,The courses are well structured and helpful.
FB12384,ST10673,2026-08-15,5,The faculty members are very supportive.
FB12385,ST10614,2026-07-01,3,The facilities are satisfactor.
FB12386,ST10100,2025-08-20,5,The courses are well structured and helpful.
FB12387,ST10227,2025-10-17,5,The faculty members are very supportive.
FB12388,ST10603,2024-09-28,5,The practical sessions are excellent.
FB12389,ST10555,2024-09-07,4,The practical sessions are excellent.
FB12390,ST10352,2026-04-08,5,The faculty members are very supportive.
FB12391,ST10156,2025-06-22,5,The academic resources are very helpful.
FB12392,ST10216,2025-09-28,5,I am satisfied with the learning experience.
FB12393,ST10262,2026-04-04,4,The academic resources are very helpful.
FB12394,ST10647,2024-10-21,4,The faculty members are very supportive.
FB12395,ST10213,2024-11-06,3,Some aspects of the program are useful.
FB12396,ST10379,2025-03-09,5,The faculty members are very supportive.
FB12397,ST10691,2025-12-11,4,I am satisfied with the learning experience.
FB12398,ST10640,2024-12-16,5,The placement training has been useful.
FB12399,ST10784,2024-10-22,5,The faculty members are very supportive.
FB12400,ST10241,2026-01-08,4,The practical sessions are excellent.
FB12401,ST10388,2026-08-11,3,The overall experience is average.
FB12402,ST10100,2026-07-06,4,I am satisfied with the learning experience.
FB12403,ST10585,2025-06-16,5,I am satisfied with the learning experience.
FB12404,ST10564,2025-04-15,5,I am satisfied with the learning experience.
FB12405,ST10923,2025-02-12,5,The faculty members are very supportive.
FB12406,ST10646,2025-02-26,5,The academic resources are very helpful.
FB12407,ST10515,2026-03-13,4,The placement training has been useful.
FB12408,ST10880,2025-03-26,5,The placement training has been useful.
FB12409,ST10846,2025-07-28,5,The workload is too high.
FB12410,ST10947,2025-12-17,5,The practical sessions need complete overhaul.
FB12411,ST10296,2024-11-24,5,The faculty members are very supportive.
FB12412,ST10672,2024-11-27,5,The courses are well structured and helpful.
FB12413,ST10595,2025-10-01,3,The learning experience is neither good nor bad.
FB12414,ST10421,2026-05-31,4,The courses are well structured and helpful.
FB12415,ST10142,2024-12-28,3,Some aspects of the program are useful.
FB12416,ST10083,2024-09-09,5,The academic resources are very helpful.
FB12417,ST10969,2024-09-14,4,The practical sessions are excellent.
FB12418,ST10171,2026-01-15,4,The placement training has been useful.
FB12419,ST10975,2025-05-22,5,The academic resources are very helpful.
FB12420,ST10566,2026-06-17,4,I am satisfied with the learning experience.
FB12421,ST10469,2026-07-29,4,I am satisfied with the learning experience.
FB12422,ST10484,2025-04-27,4,The workload is too high.
FB12423,ST10331,2026-06-20,4,The courses are well structured and helpful.
FB12424,ST10212,2025-08-22,4,The placement training has been useful.
FB12425,ST10701,2025-08-15,3,The courses are okay but could be improved.
FB12426,ST10816,2026-06-25,4,The placement training has been useful.
FB12427,ST10823,2025-10-11,3,The facilities are satisfactor.
FB12428,ST10894,2026-08-14,3,The workload is too high.
FB12429,ST10251,2025-03-17,4,The courses are well structured and helpful.
FB12430,ST10767,2025-10-18,5,The academic resources are very helpful.
FB12431,ST10888,2025-07-29,5,The placement training has been useful.
FB12432,ST10073,2024-11-30,3,The facilities are satisfactor.
FB12433,ST10905,2026-02-10,3,The overall experience is average.
FB12434,ST10733,2025-10-10,3,Some aspects of the program are useful.
FB12435,ST10732,2025-01-02,4,The placement training has been useful.
FB12436,ST10300,2025-11-19,4,The academic resources need improvement.
FB12437,ST10788,2025-11-25,5,The placement training has been useful.
FB12438,ST10439,2025-08-07,3,The overall experience is average.
FB12439,ST10150,2025-12-21,3,The placement opportunities are not sufficient.
FB12440,ST10772,2026-03-22,3,The courses are okay but could be improved.
FB12441,ST10376,2025-12-24,4,The faculty members are very supportive.
FB12442,ST10935,2026-06-30,4,The placement training has been useful.
FB12443,ST10271,2025-10-30,4,The academic resources are very helpful.
FB12444,ST10470,2025-07-21,4,The practical sessions need complete overhaul.
FB12445,ST10771,2025-09-28,5,The faculty members are very supportive.
FB12446,ST10303,2025-12-27,3,The facilities are satisfactor.
FB12447,ST10807,2025-12-27,5,The faculty members are very supportive.
FB12448,ST10609,2025-10-06,4,I am satisfied with the learning experience.
FB12449,ST10535,2025-04-15,5,I am satisfied with the learning experience.
FB12450,ST10578,2026-07-24,5,The faculty members are very supportive.
FB12451,ST10968,2025-05-14,3,Some aspects of the program are useful.
FB12452,ST10650,2025-08-27,5,The academic resources are very helpful.
FB12453,ST10690,2025-10-11,4,The academic resources are very helpful.
FB12454,ST10151,2025-02-10,3,The learning experience is neither good nor bad.
FB12455,ST10264,2026-05-05,3,The overall experience is average.
FB12456,ST10872,2024-10-26,4,The faculty members are very supportive.
FB12457,ST10599,2025-07-27,5,The faculty members are very supportive.
FB12458,ST10489,2025-04-14,3,The courses are okay but could be improved.
FB12459,ST10996,2025-05-29,5,I am satisfied with the learning experience.
FB12460,ST10536,2025-07-04,4,The placement training has been useful.
FB12461,ST10892,2025-03-07,5,I am satisfied with the learning experience.
FB12462,ST10919,2024-12-16,4,The academic resources are very helpful.
FB12463,ST10351,2025-04-10,4,I am satisfied with the learning experience.
FB12464,ST10154,2024-08-26,4,The academic resources are very helpful.
FB12465,ST10666,2024-08-18,5,The placement training has been useful.
FB12466,ST10584,2025-09-28,5,The placment training needs serious improvement.
FB12467,ST10861,2026-05-13,3,Some aspects of the program are useful.
FB12468,ST10920,2026-03-29,5,I am satisfied with the learning experience.
FB12469,ST10681,2026-06-07,4,The academic resources are very helpful.
FB12470,ST10975,2024-12-01,5,The courses are well structured and helpful.
FB12471,ST10567,2025-05-12,5,The academic resources need improvement.
FB12472,ST10551,2025-03-28,5,The placment training needs serious improvement.
FB12473,ST10458,2025-08-17,4,I am satisfied with the learning experience.
FB12474,ST10263,2025-10-07,3,The courses are okay but could be improved.
FB12475,ST10707,2024-08-24,3,The workload is too high.
FB12476,ST10234,2026-02-03,3,The learning experience is neither good nor bad.
FB12477,ST10182,2026-08-04,5,The practical sessions are excellent.
FB12478,ST10566,2025-09-04,4,The academic resources are very helpful.
FB12479,ST10751,2026-03-27,4,The placment training needs serious improvement.
FB12480,ST10928,2025-08-23,4,The placement opportunities are not sufficient.
FB12481,ST10311,2025-04-07,4,I am satisfied with the learning experience.
FB12482,ST10600,2024-08-25,3,The learning experience is neither good nor bad.
FB12483,ST10476,2026-04-04,5,The courses are well structured and helpful.
FB12484,ST10809,2025-07-18,3,The courses are okay but could be improved.
FB12485,ST10490,2026-04-29,5,The courses are well structured and helpful.
FB12486,ST10203,2025-04-02,4,The practical sessions are excellent.
FB12487,ST10613,2025-11-24,4,The practical sessions are excellent.
FB12488,ST10596,2025-02-13,5,The courses are well structured and helpful.
FB12489,ST10797,2026-04-28,3,Some aspects of the program are useful.
FB12490,ST10826,2024-08-23,3,The learning experience is neither good nor bad.
FB12491,ST10001,2025-10-17,5,The placement training has been useful.
FB12492,ST10505,2025-06-04,3,The facilities are satisfactor.
FB12493,ST10520,2025-01-11,5,The faculty members are very supportive.
FB12494,ST10271,2025-07-03,5,The workload is too high.
FB12495,ST10350,2026-07-04,5,The practical sessions are excellent.
FB12496,ST10641,2025-10-27,5,I am satisfied with the learning experience.
FB12497,ST10007,2025-07-23,5,The practical sessions are excellent.
FB12498,ST10508,2025-06-20,5,The courses are well structured and helpful.
FB12499,ST10690,2025-02-28,5,The placement training has been useful.
FB12500,ST10654,2024-12-22,3,The courses are okay but could be improved.
FB12501,ST10199,2026-02-24,3,The courses are okay but could be improved.
FB12502,ST10219,2026-03-13,5,The faculty members are very supportive.
FB12503,ST10785,2026-01-01,5,The courses are well structured and helpful.
FB12504,ST10950,2025-06-16,3,Some aspects of the program are useful.
FB12505,ST10689,2026-05-23,4,I am satisfied with the learning experience.
FB12506,ST10785,2025-06-07,4,I am satisfied with the learning experience.
FB12507,ST10625,2025-02-05,3,The facilities are satisfactor.
FB12508,ST10980,2025-03-10,5,The placement training has been useful.
FB12509,ST10799,2024-10-18,3,The courses are okay but could be improved.
FB12510,ST10956,2025-07-11,5,The faculty members are very supportive.
FB12511,ST10149,2025-12-16,5,The academic resources are very helpful.
FB12512,ST10850,2025-02-20,3,The learning experience is neither good nor bad.
FB12513,ST10316,2025-09-23,5,The placement training has been useful.
FB12514,ST10006,2026-04-03,3,The learning experience is neither good nor bad.
FB12515,ST10057,2026-05-01,3,The faculty support could be better.
FB12516,ST10662,2026-07-25,3,The practical sessions need complete overhaul.
FB12517,ST10786,2025-12-07,4,The academic resources are very helpful.
FB12518,ST10214,2026-05-07,3,The facilities are satisfactor.
FB12519,ST10302,2026-02-07,3,The placment training needs serious improvement.
FB12520,ST10330,2026-01-31,5,The placement training has been useful.
FB12521,ST10572,2025-03-17,4,I am satisfied with the learning experience.
FB12522,ST10633,2025-03-27,4,The faculty members are very supportive.
FB12523,ST10077,2026-01-03,5,The faculty members are very supportive.
FB12524,ST10965,2026-03-18,3,The learning experience is neither good nor bad.
FB12525,ST10975,2025-10-05,3,The placment training needs serious improvement.
FB12526,ST10800,2026-05-08,3,The learning experience is neither good nor bad.
FB12527,ST10256,2025-03-14,5,The practical sessions are excellent.
FB12528,ST10061,2025-07-04,5,The academic resources are very helpful.
FB12529,ST10283,2025-01-11,5,The placement training has been useful.
FB12530,ST10114,2026-06-11,4,The academic resources are very helpful.
FB12531,ST10333,2024-10-10,4,The academic resources need improvement.
FB12532,ST10424,2025-01-06,4,The workload is too high.
FB12533,ST10604,2024-12-02,4,I am satisfied with the learning experience.
FB12534,ST10449,2025-03-30,5,The practical sessions are excellent.
FB12535,ST10571,2024-11-11,4,The faculty members are very supportive.
FB12536,ST10144,2025-12-25,3,The overall experience is average.
FB12537,ST10892,2025-08-06,3,The facilities are satisfactor.
FB12538,ST10981,2025-12-10,3,The practical sessions need complete overhaul.
FB12539,ST10766,2025-08-04,3,The workload is too high.
FB12540,ST10329,2025-03-17,5,The placement training has been useful.
FB12541,ST10342,2026-02-13,5,The academic resources are very helpful.
FB12542,ST10262,2025-12-14,3,The overall experience is average.
FB12543,ST10144,2025-09-04,5,The placement training has been useful.
FB12544,ST10406,2025-01-10,5,The placment training needs serious improvement.
FB12545,ST10852,2025-04-24,5,The practical sessions are excellent.
FB12546,ST10017,2024-09-02,5,The courses are well structured and helpful.
FB12547,ST10810,2024-12-14,5,The faculty members are very supportive.
FB12548,ST10650,2024-09-25,4,The courses are well structured and helpful.
FB12549,ST10998,2025-10-07,4,The courses are well structured and helpful.
FB12550,ST10818,2024-09-04,5,The courses are well structured and helpful.
FB12551,ST10625,2025-01-09,3,The courses are okay but could be improved.
FB12552,ST10770,2024-11-05,5,The academic resources are very helpful.
FB12553,ST10838,2025-03-25,4,The placement training has been useful.
FB12554,ST10667,2025-03-15,5,I am satisfied with the learning experience.
FB12555,ST10465,2024-11-23,5,The academic resources are very helpful.
FB12556,ST10911,2026-02-24,5,The practical sessions are excellent.
FB12557,ST10007,2025-07-24,3,The learning experience is neither good nor bad.
FB12558,ST10020,2026-03-05,5,The faculty members are very supportive.
FB12559,ST10155,2024-08-24,5,I am satisfied with the learning experience.
FB12560,ST10546,2025-02-14,4,The academic resources are very helpful.
FB12561,ST10789,2024-10-27,4,The faculty support could be better.
FB12562,ST10915,2024-12-13,4,The placement opportunities are not sufficient.
FB12563,ST10157,2024-08-29,4,I am satisfied with the learning experience.
FB12564,ST10316,2025-09-05,4,The courses are well structured and helpful.
FB12565,ST10799,2025-02-02,4,The faculty members are very supportive.
FB12566,ST10336,2025-05-10,4,The workload is too high.
FB12567,ST10674,2025-07-10,4,The faculty members are very supportive.
FB12568,ST10435,2025-04-17,4,The workload is too high.
FB12569,ST10959,2026-04-20,4,The faculty support could be better.
FB12570,ST10028,2026-04-30,4,The placement training has been useful.
FB12571,ST10855,2025-09-09,4,The placment training needs serious improvement.
FB12572,ST10455,2025-06-02,4,The academic resources need improvement.
FB12573,ST10214,2025-08-13,5,The placement training has been useful.
FB12574,ST10409,2026-02-10,4,The placement training has been useful.
FB12575,ST10096,2026-04-24,4,The placement opportunities are not sufficient.
FB12576,ST10936,2024-09-11,4,The practical sessions are excellent.
FB12577,ST10167,2025-05-01,3,The overall experience is average.
FB12578,ST10964,2024-10-19,5,The practical sessions are excellent.
FB12579,ST10768,2026-06-04,5,The practical sessions need complete overhaul.
FB12580,ST10196,2026-03-23,5,The courses are well structured and helpful.
FB12581,ST10490,2024-12-09,5,The courses are well structured and helpful.
FB12582,ST10017,2024-09-30,5,The placement training has been useful.
FB12583,ST10985,2025-03-12,5,The faculty support could be better.
FB12584,ST10370,2026-04-12,5,The placment training needs serious improvement.
FB12585,ST10445,2025-06-18,5,The academic resources need improvement.
FB12586,ST10308,2024-10-12,4,The academic resources are very helpful.
FB12587,ST10667,2025-10-13,3,The learning experience is neither good nor bad.
FB12588,ST10897,2025-08-18,5,The faculty members are very supportive.
FB12589,ST10047,2025-01-06,4,I am satisfied with the learning experience.
FB12590,ST10579,2025-01-14,4,The practical sessions are excellent.
FB12591,ST10144,2026-07-14,3,The overall experience is average.
FB12592,ST10063,2026-06-02,5,I am satisfied with the learning experience.
FB12593,ST10381,2025-02-28,3,The courses are okay but could be improved.
FB12594,ST10430,2026-05-14,4,The practical sessions are excellent.
FB12595,ST10760,2025-06-10,4,The academic resources need improvement.
FB12596,ST10186,2026-05-23,4,The courses are well structured and helpful.
FB12597,ST10031,2024-08-27,5,The faculty members are very supportive.
FB12598,ST10641,2024-11-20,5,The faculty members are very supportive.
FB12599,ST10030,2026-04-06,3,The facilities are satisfactor.
FB12600,ST10030,2026-02-24,3,The placment training needs serious improvement.
FB12601,ST10753,2025-02-27,3,The practical sessions need complete overhaul.
FB12602,ST10048,2025-06-12,4,The practical sessions are excellent.
FB12603,ST10162,2026-04-09,4,The faculty members are very supportive.
FB12604,ST10095,2025-07-28,4,The courses are well structured and helpful.
FB12605,ST10992,2025-02-25,5,The placement training has been useful.
FB12606,ST10138,2026-03-13,5,The academic resources need improvement.
FB12607,ST10001,2024-09-13,5,The placement training has been useful.
FB12608,ST10132,2025-01-19,5,The practical sessions are excellent.
FB12609,ST10980,2025-08-10,3,The overall experience is average.
FB12610,ST10490,2026-03-12,4,The practical sessions are excellent.
FB12611,ST10129,2026-04-08,4,I am satisfied with the learning experience.
FB12612,ST10231,2024-10-29,3,The overall experience is average.
FB12613,ST10735,2025-09-26,4,The practical sessions are excellent.
FB12614,ST10256,2026-01-17,5,I am satisfied with the learning experience.
FB12615,ST10337,2025-01-26,3,The learning experience is neither good nor bad.
FB12616,ST10685,2025-08-20,5,The practical sessions are excellent.
FB12617,ST10779,2025-06-16,5,The faculty support could be better.
FB12618,ST10433,2026-01-29,4,I am satisfied with the learning experience.
FB12619,ST10766,2025-04-17,4,The practical sessions need complete overhaul.
FB12620,ST10648,2026-08-15,4,I am satisfied with the learning experience.
FB12621,ST10015,2025-04-25,4,The courses are well structured and helpful.
FB12622,ST10166,2024-12-19,5,The courses are well structured and helpful.
FB12623,ST10496,2025-12-19,5,The workload is too high.
FB12624,ST10644,2026-03-06,5,The placement opportunities are not sufficient.
FB12625,ST10416,2024-09-19,5,I am satisfied with the learning experience.
FB12626,ST10637,2026-03-19,4,The placement training has been useful.
FB12627,ST10763,2026-08-16,5,The practical sessions are excellent.
FB12628,ST10346,2025-10-18,5,The workload is too high.
FB12629,ST10262,2025-09-26,5,The placement training has been useful.
FB12630,ST10680,2024-11-20,5,The faculty members are very supportive.
FB12631,ST10065,2025-03-02,3,The learning experience is neither good nor bad.
FB12632,ST10658,2025-08-26,4,The practical sessions are excellent.
FB12633,ST10097,2025-12-26,4,The placement training has been useful.
FB12634,ST10124,2025-04-07,4,The faculty members are very supportive.
FB12635,ST10895,2025-01-19,5,The placement training has been useful.
FB12636,ST10567,2025-05-24,5,The placment training needs serious improvement.
FB12637,ST10990,2026-07-08,5,The placement opportunities are not sufficient.
FB12638,ST10187,2024-09-27,4,The practical sessions are excellent.
FB12639,ST10146,2026-06-19,4,The workload is too high.
FB12640,ST10795,2026-01-17,5,The academic resources are very helpful.
FB12641,ST10539,2025-02-03,3,The courses are okay but could be improved.
FB12642,ST10577,2024-11-13,3,The placement opportunities are not sufficient.
FB12643,ST10049,2025-02-17,3,The faculty support could be better.
FB12644,ST10553,2025-12-22,4,The practical sessions are excellent.
FB12645,ST10384,2025-07-21,4,The academic resources are very helpful.
FB12646,ST10651,2025-04-27,3,Some aspects of the program are useful.
FB12647,ST10232,2024-08-29,3,The academic resources need improvement.
FB12648,ST10156,2024-12-25,5,The practical sessions are excellent.
FB12649,ST10879,2026-04-27,5,The courses are well structured and helpful.
FB12650,ST10304,2025-03-20,5,The practical sessions are excellent.
FB12651,ST10916,2025-11-15,4,The faculty members are very supportive.
FB12652,ST10739,2024-11-18,4,The placment training needs serious improvement.
FB12653,ST10077,2025-06-21,5,The practical sessions are excellent.
FB12654,ST10214,2026-04-22,5,The placement opportunities are not sufficient.
FB12655,ST10609,2025-02-22,5,The placment training needs serious improvement.
FB12656,ST10774,2024-08-24,5,I am satisfied with the learning experience.
FB12657,ST10843,2024-09-19,5,I am satisfied with the learning experience.
FB12658,ST10806,2025-11-12,5,The placement training has been useful.
FB12659,ST10606,2026-04-18,4,The faculty members are very supportive.
FB12660,ST10232,2026-02-05,4,The faculty support could be better.
FB12661,ST10144,2025-08-22,4,The placment training needs serious improvement.
FB12662,ST10744,2026-02-03,3,The courses are okay but could be improved.
FB12663,ST10211,2025-11-24,5,The academic resources are very helpful.
FB12664,ST10779,2024-12-16,4,The academic resources are very helpful.
FB12665,ST10534,2025-06-02,5,The courses are well structured and helpful.
FB12666,ST10238,2026-04-08,3,The facilities are satisfactor.
FB12667,ST10842,2024-10-26,5,The academic resources are very helpful.
FB12668,ST10158,2025-02-27,5,The academic resources are very helpful.
FB12669,ST10897,2024-12-18,5,The courses are well structured and helpful.
FB12670,ST10859,2025-09-10,5,The placment training needs serious improvement.
FB12671,ST10642,2024-10-27,4,The practical sessions are excellent.
FB12672,ST10898,2026-02-01,3,The learning experience is neither good nor bad.
FB12673,ST10777,2025-12-11,4,The practical sessions are excellent.
FB12674,ST10091,2025-05-07,4,The placement opportunities are not sufficient.
FB12675,ST10983,2026-08-11,4,The faculty members are very supportive.
FB12676,ST10891,2026-03-30,4,The practical sessions need complete overhaul.
FB12677,ST10857,2025-12-16,3,The learning experience is neither good nor bad.
FB12678,ST10432,2024-10-03,5,The courses are well structured and helpful.
FB12679,ST10863,2024-10-03,3,The facilities are satisfactor.
FB12680,ST10927,2025-05-21,5,The practical sessions are excellent.
FB12681,ST10430,2025-12-31,3,The facilities are satisfactor.
FB12682,ST10366,2024-12-15,5,The courses are well structured and helpful.
FB12683,ST10249,2026-02-13,5,I am satisfied with the learning experience.
FB12684,ST10682,2025-10-08,5,The academic resources are very helpful.
FB12685,ST10575,2026-04-24,3,Some aspects of the program are useful.
FB12686,ST10385,2024-11-09,3,The learning experience is neither good nor bad.
FB12687,ST10044,2024-11-23,3,Some aspects of the program are useful.
FB12688,ST10859,2025-08-31,3,The overall experience is average.
FB12689,ST10590,2025-02-14,5,I am satisfied with the learning experience.
FB12690,ST10595,2025-04-21,3,Some aspects of the program are useful.
FB12691,ST10432,2025-10-25,3,The academic resources need improvement.
FB12692,ST10763,2026-04-22,5,The academic resources are very helpful.
FB12693,ST10873,2025-12-31,4,The practical sessions are excellent.
FB12694,ST10963,2026-03-28,5,The academic resources are very helpful.
FB12695,ST10686,2025-05-14,5,The workload is too high.
FB12696,ST10581,2026-05-05,5,The academic resources are very helpful.
FB12697,ST10102,2026-07-11,4,The placement training has been useful.
FB12698,ST10747,2025-07-24,5,The faculty members are very supportive.
FB12699,ST10839,2026-03-10,3,The facilities are satisfactor.
FB12700,ST10997,2025-01-14,3,The faculty support could be better.
FB12701,ST10457,2024-09-03,3,The facilities are satisfactor.
FB12702,ST10470,2026-02-04,3,The facilities are satisfactor.
FB12703,ST10788,2025-06-07,3,The courses are okay but could be improved.
FB12704,ST10572,2025-05-23,3,Some aspects of the program are useful.
FB12705,ST10664,2026-03-03,5,The placement training has been useful.
FB12706,ST10800,2024-11-30,5,The practical sessions need complete overhaul.
FB12707,ST10878,2025-02-28,4,The faculty members are very supportive.
FB12708,ST10325,2026-07-17,4,The placment training needs serious improvement.
FB12709,ST10937,2024-09-17,3,The learning experience is neither good nor bad.
FB12710,ST10321,2025-08-29,3,The courses are okay but could be improved.
FB12711,ST10775,2026-02-17,5,The faculty members are very supportive.
FB12712,ST10360,2025-07-23,5,The placement training has been useful.
FB12713,ST10773,2025-10-26,5,I am satisfied with the learning experience.
FB12714,ST10017,2025-04-03,5,The practical sessions are excellent.
FB12715,ST10931,2025-10-13,5,The academic resources are very helpful.
FB12716,ST10775,2026-02-10,5,I am satisfied with the learning experience.
FB12717,ST10634,2025-09-02,3,The courses are okay but could be improved.
FB12718,ST10096,2025-01-12,5,The practical sessions are excellent.
FB12719,ST10873,2025-11-01,5,The academic resources are very helpful.
FB12720,ST10546,2025-01-09,5,I am satisfied with the learning experience.
FB12721,ST10107,2025-10-14,5,The academic resources need improvement.
FB12722,ST10835,2025-05-15,5,The faculty support could be better.
FB12723,ST10629,2025-04-26,5,The courses are well structured and helpful.
FB12724,ST10231,2026-03-09,4,The courses are well structured and helpful.
FB12725,ST10562,2025-08-16,4,The faculty members are very supportive.
FB12726,ST10507,2025-03-19,4,The academic resources are very helpful.
FB12727,ST10252,2026-06-22,4,The practical sessions need complete overhaul.
FB12728,ST10664,2026-05-25,4,The workload is too high.
FB12729,ST10013,2025-11-26,5,The courses are well structured and helpful.
FB12730,ST10859,2026-07-29,4,The practical sessions are excellent.
FB12731,ST10423,2026-06-17,5,The practical sessions are excellent.
FB12732,ST10643,2025-10-22,5,The placement training has been useful.
FB12733,ST10724,2024-12-20,3,The facilities are satisfactor.
FB12734,ST10823,2024-10-10,3,The practical sessions need complete overhaul.
FB12735,ST10380,2025-10-04,5,I am satisfied with the learning experience.
FB12736,ST10554,2024-12-16,4,The academic resources are very helpful.
FB12737,ST10330,2025-08-02,4,The academic resources need improvement.
FB12738,ST10253,2025-04-04,3,Some aspects of the program are useful.
FB12739,ST10132,2026-05-16,5,The practical sessions are excellent.
FB12740,ST10549,2025-03-10,4,The practical sessions are excellent.
FB12741,ST10738,2025-10-12,4,The academic resources are very helpful.
FB12742,ST10477,2025-05-30,5,The courses are well structured and helpful.
FB12743,ST10634,2025-08-05,5,The practical sessions are excellent.
FB12744,ST10067,2024-08-18,5,The workload is too high.
FB12745,ST10023,2026-04-12,4,The practical sessions are excellent.
FB12746,ST10918,2025-12-26,4,The academic resources are very helpful.
FB12747,ST10066,2025-09-14,3,The overall experience is average.
FB12748,ST10978,2025-06-08,3,Some aspects of the program are useful.
FB12749,ST10259,2026-03-10,3,The academic resources need improvement.
FB12750,ST10029,2025-01-09,3,The learning experience is neither good nor bad.
FB12751,ST10442,2026-07-04,3,The courses are okay but could be improved.
FB12752,ST10406,2024-09-01,5,The placement training has been useful.
FB12753,ST10552,2025-12-12,3,The facilities are satisfactor.
FB12754,ST10339,2026-06-14,5,The practical sessions are excellent.
FB12755,ST10148,2025-05-27,3,Some aspects of the program are useful.
FB12756,ST10323,2026-04-12,3,The placement opportunities are not sufficient.
FB12757,ST10055,2025-12-12,3,The facilities are satisfactor.
FB12758,ST10602,2025-02-19,4,The courses are well structured and helpful.
FB12759,ST10543,2025-04-24,4,I am satisfied with the learning experience.
FB12760,ST10255,2026-03-01,4,The workload is too high.
FB12761,ST10856,2024-10-06,5,The academic resources are very helpful.
FB12762,ST10747,2026-01-11,4,The courses are well structured and helpful.
FB12763,ST10969,2025-10-10,5,The academic resources are very helpful.
FB12764,ST10825,2026-05-16,5,The academic resources are very helpful.
FB12765,ST10142,2025-06-14,5,The workload is too high.
FB12766,ST10099,2025-01-12,5,I am satisfied with the learning experience.
FB12767,ST10901,2025-09-29,4,The courses are well structured and helpful.
FB12768,ST10267,2026-01-30,5,I am satisfied with the learning experience.
FB12769,ST10663,2025-09-08,3,The facilities are satisfactor.
FB12770,ST10463,2026-04-04,3,Some aspects of the program are useful.
FB12771,ST10264,2025-10-20,4,The practical sessions are excellent.
FB12772,ST10571,2024-12-15,4,The faculty members are very supportive.
FB12773,ST10173,2025-12-07,4,The practical sessions are excellent.
FB12774,ST10005,2025-03-25,4,The faculty members are very supportive.
FB12775,ST10820,2025-04-25,4,The placement opportunities are not sufficient.
FB12776,ST10384,2025-07-02,4,The workload is too high.
FB12777,ST10194,2025-12-28,3,The learning experience is neither good nor bad.
FB12778,ST10187,2025-04-25,4,The faculty members are very supportive.
FB12779,ST10894,2024-11-11,3,The courses are okay but could be improved.
FB12780,ST10615,2024-10-31,5,I am satisfied with the learning experience.
FB12781,ST10724,2025-09-28,5,The workload is too high.
FB12782,ST10520,2026-01-11,4,The placement training has been useful.
FB12783,ST10638,2024-10-08,4,The practical sessions are excellent.
FB12784,ST10827,2024-09-21,4,The faculty support could be better.
FB12785,ST10111,2026-05-28,4,I am satisfied with the learning experience.
FB12786,ST10922,2026-08-16,4,I am satisfied with the learning experience.
FB12787,ST10628,2024-11-26,4,The practical sessions need complete overhaul.
FB12788,ST10951,2025-01-03,3,The learning experience is neither good nor bad.
FB12789,ST10803,2026-06-27,4,The courses are well structured and helpful.
FB12790,ST10347,2024-09-11,4,I am satisfied with the learning experience.
FB12791,ST10984,2025-01-21,4,The workload is too high.
FB12792,ST10814,2024-11-09,4,The faculty members are very supportive.
FB12793,ST10939,2025-08-29,4,The practical sessions need complete overhaul.
FB12794,ST10831,2025-01-13,4,The academic resources need improvement.
FB12795,ST10725,2024-11-02,3,Some aspects of the program are useful.
FB12796,ST10102,2024-09-11,3,The placment training needs serious improvement.
FB12797,ST10680,2025-11-04,3,Some aspects of the program are useful.
FB12798,ST10577,2025-12-29,5,The practical sessions are excellent.
FB12799,ST10776,2026-05-29,5,I am satisfied with the learning experience.
FB12800,ST10329,2025-06-15,5,I am satisfied with the learning experience.
FB12801,ST10967,2026-01-11,3,The learning experience is neither good nor bad.
FB12802,ST10446,2025-09-02,4,The placement training has been useful.
FB12803,ST10504,2025-09-30,5,The practical sessions are excellent.
FB12804,ST10625,2025-12-15,5,The placement training has been useful.
FB12805,ST10790,2026-02-13,3,The overall experience is average.
FB12806,ST10541,2025-11-19,3,The workload is too high.
FB12807,ST10970,2025-03-04,4,The practical sessions are excellent.
FB12808,ST10657,2024-09-25,4,The courses are well structured and helpful.
FB12809,ST10049,2025-05-29,4,The practical sessions need complete overhaul.
FB12810,ST10193,2025-02-05,4,The practical sessions are excellent.
FB12811,ST10844,2025-12-01,4,The practical sessions need complete overhaul.
FB12812,ST10757,2026-02-26,5,I am satisfied with the learning experience.
FB12813,ST10698,2024-10-12,3,The courses are okay but could be improved.
FB12814,ST10102,2024-08-28,4,I am satisfied with the learning experience.
FB12815,ST10730,2026-08-10,4,The academic resources are very helpful.
FB12816,ST10508,2026-08-03,4,The academic resources are very helpful.
FB12817,ST10047,2025-01-27,4,The workload is too high.
FB12818,ST10922,2026-01-09,3,The facilities are satisfactor.
FB12819,ST10005,2025-09-03,3,The academic resources need improvement.
FB12820,ST10834,2026-08-09,3,The faculty support could be better.
FB12821,ST10182,2026-07-10,3,The workload is too high.
FB12822,ST10381,2026-05-26,3,The practical sessions need complete overhaul.
FB12823,ST10046,2024-10-19,4,The practical sessions are excellent.
FB12824,ST10637,2025-08-16,3,The learning experience is neither good nor bad.
FB12825,ST10697,2026-05-02,5,The academic resources are very helpful.
FB12826,ST10210,2025-12-27,5,The academic resources need improvement.
FB12827,ST10755,2024-10-04,5,The practical sessions need complete overhaul.
FB12828,ST10707,2025-05-25,5,The placement training has been useful.
FB12829,ST10285,2025-10-25,5,The workload is too high.
FB12830,ST10837,2026-03-18,3,The facilities are satisfactor.
FB12831,ST10615,2026-08-16,5,The academic resources are very helpful.
FB12832,ST10043,2026-07-10,3,The learning experience is neither good nor bad.
FB12833,ST10132,2025-07-07,3,The courses are okay but could be improved.
FB12834,ST10073,2026-05-18,3,The overall experience is average.
FB12835,ST10163,2025-05-31,3,The practical sessions need complete overhaul.
FB12836,ST10069,2026-04-26,4,The faculty members are very supportive.
FB12837,ST10967,2026-02-19,3,The learning experience is neither good nor bad.
FB12838,ST10292,2024-10-02,5,The faculty members are very supportive.
FB12839,ST10112,2026-05-19,3,The learning experience is neither good nor bad.
FB12840,ST10843,2025-12-10,3,The workload is too high.
FB12841,ST10974,2025-03-12,4,The placement training has been useful.
FB12842,ST10131,2025-10-02,5,The courses are well structured and helpful.
FB12843,ST10491,2024-09-18,4,I am satisfied with the learning experience.
FB12844,ST10854,2026-03-11,4,The courses are well structured and helpful.
FB12845,ST10248,2024-10-11,5,The faculty members are very supportive.
FB12846,ST10757,2026-05-28,4,The practical sessions are excellent.
FB12847,ST10679,2025-04-11,4,The workload is too high.
FB12848,ST10787,2024-10-17,4,The faculty members are very supportive.
FB12849,ST10583,2025-02-01,5,I am satisfied with the learning experience.
FB12850,ST10881,2025-09-25,5,The workload is too high.
FB12851,ST10359,2024-11-01,4,The academic resources are very helpful.
FB12852,ST10401,2024-11-04,4,The faculty members are very supportive.
FB12853,ST10231,2026-03-04,5,I am satisfied with the learning experience.
FB12854,ST10674,2025-02-13,3,The overall experience is average.
FB12855,ST10893,2025-10-04,5,I am satisfied with the learning experience.
FB12856,ST10571,2025-06-13,5,The practical sessions are excellent.
FB12857,ST10059,2025-01-12,5,The courses are well structured and helpful.
FB12858,ST10531,2025-01-15,4,The practical sessions are excellent.
FB12859,ST10742,2025-09-30,4,The faculty support could be better.
FB12860,ST10040,2026-01-10,4,The courses are well structured and helpful.
FB12861,ST10007,2025-02-27,4,The practical sessions are excellent.
FB12862,ST10834,2025-11-03,4,The practical sessions are excellent.
FB12863,ST10878,2025-12-16,4,The academic resources are very helpful.
FB12864,ST10578,2025-01-03,5,The courses are well structured and helpful.
FB12865,ST10960,2025-10-25,5,The placement training has been useful.
FB12866,ST10703,2026-03-22,3,The learning experience is neither good nor bad.
FB12867,ST10933,2025-10-25,3,The learning experience is neither good nor bad.
FB12868,ST10628,2025-07-06,5,The academic resources are very helpful.
FB12869,ST10491,2026-03-20,5,The workload is too high.
FB12870,ST10466,2024-11-07,4,The faculty members are very supportive.
FB12871,ST10148,2026-04-05,4,The academic resources are very helpful.
FB12872,ST10987,2025-12-27,4,The faculty support could be better.
FB12873,ST10904,2025-11-08,4,The academic resources are very helpful.
FB12874,ST10443,2025-05-23,4,The workload is too high.
FB12875,ST10044,2026-01-23,4,The academic resources are very helpful.
FB12876,ST10412,2025-08-09,5,The academic resources are very helpful.
FB12877,ST10214,2026-02-14,5,The practical sessions need complete overhaul.
FB12878,ST10905,2026-01-16,5,The academic resources are very helpful.
FB12879,ST10455,2025-07-15,5,The practical sessions need complete overhaul.
FB12880,ST10373,2026-07-04,5,The academic resources are very helpful.
FB12881,ST10137,2024-11-06,3,The courses are okay but could be improved.
FB12882,ST10252,2024-12-25,4,I am satisfied with the learning experience.
FB12883,ST10971,2026-04-25,4,The academic resources need improvement.
FB12884,ST10803,2025-01-05,3,The learning experience is neither good nor bad.
FB12885,ST10562,2025-10-19,3,The practical sessions need complete overhaul.
FB12886,ST10384,2025-06-25,3,The courses are okay but could be improved.
FB12887,ST10403,2025-09-14,5,The courses are well structured and helpful.
FB12888,ST10308,2025-05-07,5,The placement opportunities are not sufficient.
FB12889,ST10423,2026-01-10,5,I am satisfied with the learning experience.
FB12890,ST10565,2024-12-18,5,The academic resources need improvement.
FB12891,ST10394,2025-10-06,5,The practical sessions need complete overhaul.
FB12892,ST10185,2025-11-26,5,The placment training needs serious improvement.
FB12893,ST10711,2025-07-28,4,The practical sessions are excellent.
FB12894,ST10280,2026-08-13,4,The academic resources need improvement.
FB12895,ST10577,2025-05-18,3,The learning experience is neither good nor bad.
FB12896,ST10589,2026-07-19,3,The courses are okay but could be improved.
FB12897,ST10155,2025-04-19,4,The placement training has been useful.
FB12898,ST10889,2025-10-19,3,The learning experience is neither good nor bad.
FB12899,ST10324,2025-04-27,3,Some aspects of the program are useful.
FB12900,ST10544,2026-06-05,3,The overall experience is average.
FB12901,ST10693,2025-06-02,4,The courses are well structured and helpful.
FB12902,ST10022,2025-07-04,5,The courses are well structured and helpful.
FB12903,ST10874,2026-04-03,4,The faculty members are very supportive.
FB12904,ST10762,2025-12-22,5,I am satisfied with the learning experience.
FB12905,ST10861,2025-07-18,5,The practical sessions are excellent.
FB12906,ST10598,2026-05-21,5,The practical sessions need complete overhaul.
FB12907,ST10487,2026-03-04,5,I am satisfied with the learning experience.
FB12908,ST10311,2025-04-26,4,The practical sessions are excellent.
FB12909,ST10923,2025-12-03,4,The workload is too high.
FB12910,ST10426,2025-02-20,5,The practical sessions are excellent.
FB12911,ST10163,2025-10-29,5,The academic resources are very helpful.
FB12912,ST10717,2025-10-15,5,The academic resources need improvement.
FB12913,ST10869,2025-01-31,5,The placment training needs serious improvement.
FB12914,ST10680,2025-06-05,5,The practical sessions need complete overhaul.
FB12915,ST10100,2026-04-04,3,The courses are okay but could be improved.
FB12916,ST10902,2025-10-19,5,The placement training has been useful.
FB12917,ST10175,2026-08-07,3,Some aspects of the program are useful.
FB12918,ST10705,2026-03-19,3,The faculty support could be better.
FB12919,ST10954,2025-03-03,4,The practical sessions are excellent.
FB12920,ST10459,2025-05-24,4,The practical sessions need complete overhaul.
FB12921,ST10970,2025-08-04,3,The facilities are satisfactor.
FB12922,ST10907,2025-07-31,5,The courses are well structured and helpful.
FB12923,ST10071,2025-06-22,5,The practical sessions are excellent.
FB12924,ST10694,2024-08-18,4,I am satisfied with the learning experience.
FB12925,ST10958,2026-03-05,3,The courses are okay but could be improved.
FB12926,ST10985,2024-09-13,3,The facilities are satisfactor.
FB12927,ST10729,2025-03-26,3,The overall experience is average.
FB12928,ST10364,2025-11-23,3,The learning experience is neither good nor bad.
FB12929,ST10017,2024-08-30,3,Some aspects of the program are useful.
FB12930,ST10428,2025-09-24,3,The faculty support could be better.
FB12931,ST10872,2024-11-30,5,The practical sessions are excellent.
FB12932,ST10533,2026-07-10,5,The placment training needs serious improvement.
FB12933,ST10502,2025-04-09,4,I am satisfied with the learning experience.
FB12934,ST10665,2024-08-23,5,The faculty members are very supportive.
FB12935,ST10460,2025-04-08,5,The faculty support could be better.
FB12936,ST10042,2025-02-06,5,The academic resources are very helpful.
FB12937,ST10676,2025-01-31,4,The practical sessions are excellent.
FB12938,ST10134,2026-06-13,4,The placement opportunities are not sufficient.
FB12939,ST10011,2025-04-19,3,The overall experience is average.
FB12940,ST10310,2024-09-03,5,The placement training has been useful.
FB12941,ST10398,2026-04-09,5,The academic resources are very helpful.
FB12942,ST10714,2026-05-18,5,The faculty members are very supportive.
FB12943,ST10417,2026-02-04,3,The courses are okay but could be improved.
FB12944,ST10966,2026-05-18,4,The faculty members are very supportive.
FB12945,ST10501,2025-03-20,5,The courses are well structured and helpful.
FB12946,ST10941,2026-08-01,3,The facilities are satisfactor.
FB12947,ST10883,2025-10-22,4,The courses are well structured and helpful.
FB12948,ST10831,2025-09-19,4,The courses are well structured and helpful.
FB12949,ST10077,2025-10-24,4,The courses are well structured and helpful.
FB12950,ST10586,2025-11-04,4,The placment training needs serious improvement.
FB12951,ST10885,2026-08-07,4,The academic resources are very helpful.
FB12952,ST10755,2025-11-04,4,The placement opportunities are not sufficient.
FB12953,ST10073,2024-12-16,5,The academic resources are very helpful.
FB12954,ST10647,2024-10-30,5,The academic resources need improvement.
FB12955,ST10109,2024-09-16,3,The overall experience is average.
FB12956,ST10722,2025-08-10,4,The academic resources are very helpful.
FB12957,ST10191,2025-05-21,4,The courses are well structured and helpful.
FB12958,ST10444,2024-12-17,3,The courses are okay but could be improved.
FB12959,ST10216,2024-12-03,5,The courses are well structured and helpful.
FB12960,ST10329,2025-03-11,3,The courses are okay but could be improved.
FB12961,ST10488,2025-05-30,3,The academic resources need improvement.
FB12962,ST10508,2026-07-09,3,The courses are okay but could be improved.
FB12963,ST10481,2025-11-13,4,The academic resources are very helpful.
FB12964,ST10454,2025-02-28,4,The courses are well structured and helpful.
FB12965,ST10181,2025-02-14,4,The faculty support could be better.
FB12966,ST10148,2025-03-05,4,The placement opportunities are not sufficient.
FB12967,ST10997,2026-05-09,4,The courses are well structured and helpful.
FB12968,ST10193,2025-04-08,4,The faculty members are very supportive.
FB12969,ST10167,2024-10-28,5,The practical sessions are excellent.
FB12970,ST10616,2025-11-04,5,The academic resources are very helpful.
FB12971,ST10224,2025-06-24,4,The faculty members are very supportive.
FB12972,ST10544,2025-11-03,5,The academic resources are very helpful.
FB12973,ST10289,2026-07-31,3,The overall experience is average.
FB12974,ST10064,2025-02-02,4,The faculty members are very supportive.
FB12975,ST10635,2026-03-11,3,The learning experience is neither good nor bad.
FB12976,ST10082,2024-10-16,3,The learning experience is neither good nor bad.
FB12977,ST10013,2026-03-03,3,The academic resources need improvement.
FB12978,ST10091,2025-04-27,4,The faculty members are very supportive.
FB12979,ST10583,2026-04-25,5,The faculty members are very supportive.
FB12980,ST10367,2025-08-27,3,The learning experience is neither good nor bad.
FB12981,ST10380,2024-12-30,5,The placement training has been useful.
FB12982,ST10560,2025-09-01,5,The workload is too high.
FB12983,ST10234,2026-05-21,5,The courses are well structured and helpful.
FB12984,ST10420,2026-07-17,5,The placement training has been useful.
FB12985,ST10946,2026-02-04,3,The learning experience is neither good nor bad.
FB12986,ST10475,2026-02-14,3,The practical sessions need complete overhaul.
FB12987,ST10464,2025-11-08,5,The academic resources are very helpful.
FB12988,ST10430,2026-05-16,5,The workload is too high.
FB12989,ST10808,2026-07-23,4,The academic resources are very helpful.
FB12990,ST10410,2024-10-31,4,The placement training has been useful.
FB12991,ST10155,2025-11-23,4,I am satisfied with the learning experience.
FB12992,ST10098,2025-12-29,4,The placement training has been useful.
FB12993,ST10278,2025-04-08,5,The courses are well structured and helpful.
FB12994,ST10402,2024-09-16,5,The practical sessions are excellent.
FB12995,ST10234,2026-03-08,5,The practical sessions are excellent.
FB12996,ST10444,2026-05-07,5,I am satisfied with the learning experience.
FB12997,ST10993,2025-11-08,3,The facilities are satisfactor.
FB12998,ST10985,2025-06-10,5,The faculty members are very supportive.
FB12999,ST10623,2024-10-17,5,I am satisfied with the learning experience.
FB13000,ST10823,2026-04-15,4,The placement training has been useful.
FB13001,ST10980,2024-09-30,5,I am satisfied with the learning experience.
FB13002,ST10646,2026-08-04,5,The practical sessions are excellent.
FB13003,ST10627,2026-04-08,5,I am satisfied with the learning experience.
FB13004,ST10350,2025-05-04,3,The courses are okay but could be improved.
FB13005,ST10379,2025-05-15,4,The placement training has been useful.
FB13006,ST10019,2026-07-02,4,The placement training has been useful.
FB13007,ST10215,2026-05-14,4,The academic resources need improvement.
FB13008,ST10240,2025-07-21,4,The faculty support could be better.
FB13009,ST10650,2025-07-07,4,The practical sessions need complete overhaul.
FB13010,ST10806,2026-08-10,5,The faculty members are very supportive.
FB13011,ST10716,2026-06-23,5,I am satisfied with the learning experience.
FB13012,ST10801,2024-11-19,3,The courses are okay but could be improved.
FB13013,ST10726,2026-06-24,4,I am satisfied with the learning experience.
FB13014,ST10501,2026-04-08,5,The courses are well structured and helpful.
FB13015,ST10524,2025-02-10,5,The practical sessions need complete overhaul.
FB13016,ST10769,2026-03-21,4,The faculty members are very supportive.
FB13017,ST10542,2026-01-07,5,The practical sessions are excellent.
FB13018,ST10069,2026-06-08,5,I am satisfied with the learning experience.
FB13019,ST10729,2025-11-28,5,The courses are well structured and helpful.
FB13020,ST10253,2026-08-09,5,The courses are well structured and helpful.
FB13021,ST10365,2024-08-26,5,The practical sessions need complete overhaul.
FB13022,ST10576,2025-12-23,5,The faculty members are very supportive.
FB13023,ST10497,2026-04-13,5,The placement opportunities are not sufficient.
FB13024,ST10905,2025-12-22,4,The academic resources are very helpful.
FB13025,ST10981,2025-06-11,4,The placement opportunities are not sufficient.
FB13026,ST10124,2024-09-29,4,The courses are well structured and helpful.
FB13027,ST10537,2025-04-11,3,The facilities are satisfactor.
FB13028,ST10255,2025-09-29,3,The learning experience is neither good nor bad.
FB13029,ST10718,2024-09-18,3,The placment training needs serious improvement.
FB13030,ST10306,2025-04-23,5,I am satisfied with the learning experience.
FB13031,ST10026,2025-10-11,5,The academic resources are very helpful.
FB13032,ST10081,2025-10-30,5,I am satisfied with the learning experience.
FB13033,ST10641,2024-12-12,5,I am satisfied with the learning experience.
FB13034,ST10777,2025-04-28,5,The faculty members are very supportive.
FB13035,ST10283,2025-09-12,5,The practical sessions are excellent.
FB13036,ST10292,2026-02-10,5,I am satisfied with the learning experience.
FB13037,ST10980,2025-02-05,5,The courses are well structured and helpful.
FB13038,ST10566,2024-12-14,5,I am satisfied with the learning experience.
FB13039,ST10852,2024-09-26,3,Some aspects of the program are useful.
FB13040,ST10027,2026-01-23,3,The facilities are satisfactor.
FB13041,ST10406,2026-03-09,4,The practical sessions are excellent.
FB13042,ST10660,2025-06-19,4,The practical sessions are excellent.
FB13043,ST10905,2025-07-30,4,The academic resources are very helpful.
FB13044,ST10509,2026-03-25,4,The courses are well structured and helpful.
FB13045,ST10156,2025-11-23,4,I am satisfied with the learning experience.
FB13046,ST10095,2025-11-07,3,The facilities are satisfactor.
FB13047,ST10347,2025-09-14,4,The faculty members are very supportive.
FB13048,ST10505,2024-10-26,5,The courses are well structured and helpful.
FB13049,ST10658,2025-02-06,3,The courses are okay but could be improved.
FB13050,ST10562,2025-07-19,3,The workload is too high.
FB13051,ST10460,2025-03-31,4,The faculty members are very supportive.
FB13052,ST10246,2026-04-20,4,The academic resources are very helpful.
FB13053,ST10054,2025-06-20,3,The courses are okay but could be improved.
FB13054,ST10491,2024-12-10,4,I am satisfied with the learning experience.
FB13055,ST10973,2024-11-28,5,I am satisfied with the learning experience.
FB13056,ST10331,2025-05-06,5,The academic resources are very helpful.
FB13057,ST10020,2024-10-21,5,The faculty members are very supportive.
FB13058,ST10025,2025-08-22,3,The learning experience is neither good nor bad.
FB13059,ST10564,2025-11-04,4,I am satisfied with the learning experience.
FB13060,ST10214,2026-03-19,4,The placement training has been useful.
FB13061,ST10358,2024-09-25,3,Some aspects of the program are useful.
FB13062,ST10903,2025-10-17,5,I am satisfied with the learning experience.
FB13063,ST10218,2025-06-24,5,The courses are well structured and helpful.
FB13064,ST10273,2025-03-09,5,The practical sessions are excellent.
FB13065,ST10164,2024-10-23,5,The placement opportunities are not sufficient.
FB13066,ST10263,2025-06-23,5,The faculty members are very supportive.
FB13067,ST10403,2025-09-11,5,The faculty members are very supportive.
FB13068,ST10030,2025-07-21,5,The academic resources are very helpful.
FB13069,ST10210,2026-04-11,5,The courses are well structured and helpful.
FB13070,ST10824,2026-02-11,4,I am satisfied with the learning experience.
FB13071,ST10778,2024-11-27,5,The academic resources are very helpful.
FB13072,ST10853,2026-04-01,3,The courses are okay but could be improved.
FB13073,ST10908,2024-11-30,5,The faculty members are very supportive.
FB13074,ST10475,2025-08-26,4,The academic resources are very helpful.
FB13075,ST10581,2025-10-26,4,The faculty support could be better.
FB13076,ST10223,2025-01-18,4,The faculty members are very supportive.
FB13077,ST10222,2025-08-31,4,The faculty support could be better.
FB13078,ST10212,2025-06-21,5,The academic resources are very helpful.
FB13079,ST10738,2026-01-06,4,The placement training has been useful.
FB13080,ST10943,2025-11-04,5,The practical sessions are excellent.
FB13081,ST10815,2025-01-17,5,The workload is too high.
FB13082,ST10080,2025-10-27,3,The overall experience is average.
FB13083,ST10874,2025-12-09,4,The courses are well structured and helpful.
FB13084,ST10970,2026-03-12,5,The courses are well structured and helpful.
FB13085,ST10456,2025-09-29,4,The practical sessions are excellent.
FB13086,ST10100,2025-02-25,4,I am satisfied with the learning experience.
FB13087,ST10995,2025-02-22,4,The faculty members are very supportive.
FB13088,ST10287,2024-10-12,5,The courses are well structured and helpful.
FB13089,ST10789,2025-03-12,5,The courses are well structured and helpful.
FB13090,ST10146,2026-04-13,4,I am satisfied with the learning experience.
FB13091,ST10942,2025-07-18,3,The overall experience is average.
FB13092,ST10902,2025-04-26,3,The practical sessions need complete overhaul.
FB13093,ST10179,2026-01-31,4,The courses are well structured and helpful.
FB13094,ST10467,2026-08-05,4,The placement opportunities are not sufficient.
FB13095,ST10712,2025-11-08,4,The faculty members are very supportive.
FB13096,ST10720,2024-10-26,4,The courses are well structured and helpful.
FB13097,ST10221,2024-11-13,5,The academic resources are very helpful.
FB13098,ST10031,2026-01-21,5,The placement training has been useful.
FB13099,ST10423,2025-07-05,4,The courses are well structured and helpful.
FB13100,ST10673,2025-07-12,5,The faculty members are very supportive.
FB13101,ST10737,2025-05-28,4,The faculty members are very supportive.
FB13102,ST10688,2025-05-15,4,I am satisfied with the learning experience.
FB13103,ST10707,2025-01-12,4,The courses are well structured and helpful.
FB13104,ST10895,2025-04-24,5,The placement training has been useful.
FB13105,ST10811,2025-05-12,4,The academic resources are very helpful.
FB13106,ST10294,2025-11-22,5,The practical sessions are excellent.
FB13107,ST10468,2026-01-09,5,The placement opportunities are not sufficient.
FB13108,ST10168,2024-09-05,4,The faculty members are very supportive.
FB13109,ST10329,2026-04-07,3,The facilities are satisfactor.
FB13110,ST10417,2025-04-11,5,The placement training has been useful.
FB13111,ST10479,2024-12-27,5,The faculty support could be better.
FB13112,ST10152,2025-05-16,5,The practical sessions need complete overhaul.
FB13113,ST10692,2025-12-09,5,The faculty members are very supportive.
FB13114,ST10089,2026-05-18,3,The courses are okay but could be improved.
FB13115,ST10341,2026-05-03,3,The academic resources need improvement.
FB13116,ST10478,2025-07-27,4,The practical sessions are excellent.
FB13117,ST10912,2025-12-15,4,The practical sessions are excellent.
FB13118,ST10614,2024-12-09,4,The academic resources are very helpful.
FB13119,ST10872,2025-07-26,3,The courses are okay but could be improved.
FB13120,ST10836,2024-09-21,3,The learning experience is neither good nor bad.
FB13121,ST10084,2026-08-05,3,The placment training needs serious improvement.
FB13122,ST10514,2026-05-15,4,The practical sessions are excellent.
FB13123,ST10590,2025-02-15,4,The practical sessions are excellent.
FB13124,ST10758,2025-01-20,5,The academic resources are very helpful.
FB13125,ST10501,2026-02-01,5,The academic resources are very helpful.
FB13126,ST10562,2025-06-04,5,The placement opportunities are not sufficient.
FB13127,ST10673,2024-12-17,5,The workload is too high.
FB13128,ST10591,2026-03-29,4,The placement training has been useful.
FB13129,ST10232,2026-03-06,3,The learning experience is neither good nor bad.
FB13130,ST10160,2026-06-11,3,The workload is too high.
FB13131,ST10734,2024-10-23,4,The practical sessions are excellent.
FB13132,ST10508,2024-11-13,5,The courses are well structured and helpful.
FB13133,ST10248,2026-03-15,3,The facilities are satisfactor.
FB13134,ST10846,2024-09-29,4,The academic resources are very helpful.
FB13135,ST10975,2025-02-22,4,The placment training needs serious improvement.
FB13136,ST10017,2025-12-13,4,The courses are well structured and helpful.
FB13137,ST10191,2026-08-07,4,The academic resources need improvement.
FB13138,ST10074,2024-12-10,4,The placement training has been useful.
FB13139,ST10433,2026-06-23,4,The academic resources need improvement.
FB13140,ST10413,2026-05-26,5,The practical sessions are excellent.
FB13141,ST10352,2026-05-17,5,I am satisfied with the learning experience.
FB13142,ST10439,2025-03-29,3,The learning experience is neither good nor bad.
FB13143,ST10651,2024-08-28,3,The overall experience is average.
FB13144,ST10696,2025-05-11,5,The courses are well structured and helpful.
FB13145,ST10328,2026-02-07,5,The faculty members are very supportive.
FB13146,ST10882,2026-05-04,3,Some aspects of the program are useful.
FB13147,ST10789,2024-11-12,5,The academic resources are very helpful.
FB13148,ST10972,2025-04-11,5,The practical sessions need complete overhaul.
FB13149,ST10028,2025-08-02,4,The placement training has been useful.
FB13150,ST10487,2025-08-18,4,The courses are well structured and helpful.
FB13151,ST10252,2024-09-04,3,The overall experience is average.
FB13152,ST10466,2025-05-02,4,The faculty members are very supportive.
FB13153,ST10619,2025-01-27,4,The placment training needs serious improvement.
FB13154,ST10331,2026-03-15,5,The academic resources are very helpful.
FB13155,ST10222,2025-10-09,3,The overall experience is average.
FB13156,ST10011,2025-01-29,3,Some aspects of the program are useful.
FB13157,ST10884,2025-01-23,3,The overall experience is average.
FB13158,ST10958,2025-10-16,4,The courses are well structured and helpful.
FB13159,ST10475,2025-09-28,5,The practical sessions are excellent.
FB13160,ST10821,2026-03-23,5,The academic resources need improvement.
FB13161,ST10742,2025-03-06,4,The practical sessions are excellent.
FB13162,ST10715,2025-10-18,5,I am satisfied with the learning experience.
FB13163,ST10301,2025-08-28,5,The placment training needs serious improvement.
FB13164,ST10298,2025-12-14,3,The learning experience is neither good nor bad.
FB13165,ST10113,2026-03-07,3,The overall experience is average.
FB13166,ST10204,2024-12-05,4,I am satisfied with the learning experience.
FB13167,ST10397,2026-02-08,3,The courses are okay but could be improved.
FB13168,ST10792,2026-02-11,4,The faculty members are very supportive.
FB13169,ST10229,2026-01-19,5,The academic resources are very helpful.
FB13170,ST10235,2024-09-01,3,The overall experience is average.
FB13171,ST10104,2025-06-06,4,I am satisfied with the learning experience.
FB13172,ST10449,2025-11-13,5,The academic resources are very helpful.
FB13173,ST10022,2026-07-22,3,The facilities are satisfactor.
FB13174,ST10651,2026-01-15,5,The placement training has been useful.
FB13175,ST10035,2025-10-01,5,The practical sessions are excellent.
FB13176,ST10069,2024-09-20,5,The faculty members are very supportive.
FB13177,ST10487,2025-03-04,4,I am satisfied with the learning experience.
FB13178,ST10124,2024-12-28,4,The courses are well structured and helpful.
FB13179,ST10681,2024-10-03,5,The academic resources are very helpful.
FB13180,ST10571,2025-03-26,4,The courses are well structured and helpful.
FB13181,ST10597,2025-01-20,4,The practical sessions are excellent.
FB13182,ST10238,2026-04-22,4,The faculty members are very supportive.
FB13183,ST10765,2026-02-10,3,The overall experience is average.
FB13184,ST10381,2025-12-10,4,The courses are well structured and helpful.
FB13185,ST10538,2025-03-16,3,Some aspects of the program are useful.
FB13186,ST10544,2024-09-28,5,I am satisfied with the learning experience.
FB13187,ST10943,2025-08-14,4,The placement training has been useful.
FB13188,ST10194,2026-01-08,3,The learning experience is neither good nor bad.
FB13189,ST10491,2024-08-24,5,I am satisfied with the learning experience.
FB13190,ST10567,2024-10-08,3,Some aspects of the program are useful.
FB13191,ST10880,2025-06-15,3,The workload is too high.
FB13192,ST10684,2026-01-12,4,The practical sessions are excellent.
FB13193,ST10882,2025-03-16,3,The learning experience is neither good nor bad.
FB13194,ST10526,2026-01-14,3,The placment training needs serious improvement.
FB13195,ST10580,2026-06-10,5,The academic resources are very helpful.
FB13196,ST10860,2026-07-28,3,The courses are okay but could be improved.
FB13197,ST10848,2026-01-12,5,The courses are well structured and helpful.
FB13198,ST10044,2025-05-24,5,The practical sessions need complete overhaul.
FB13199,ST10029,2026-06-20,5,The academic resources are very helpful.
FB13200,ST10401,2024-11-09,4,I am satisfied with the learning experience.
FB13201,ST10491,2024-09-01,3,Some aspects of the program are useful.
FB13202,ST10911,2025-04-02,4,The academic resources are very helpful.
FB13203,ST10248,2026-06-22,5,The faculty members are very supportive.
FB13204,ST10792,2026-07-05,4,The practical sessions are excellent.
FB13205,ST10428,2026-01-04,4,The courses are well structured and helpful.
FB13206,ST10792,2025-06-14,3,The facilities are satisfactor.
FB13207,ST10285,2025-02-13,5,The placement training has been useful.
FB13208,ST10311,2025-06-09,5,The placement opportunities are not sufficient.
FB13209,ST10335,2025-09-16,5,The practical sessions need complete overhaul.
FB13210,ST10524,2026-02-20,4,The academic resources are very helpful.
FB13211,ST10481,2024-11-03,5,The academic resources are very helpful.
FB13212,ST10999,2026-07-21,4,The practical sessions are excellent.
FB13213,ST10258,2025-04-20,3,The facilities are satisfactor.
FB13214,ST10896,2025-08-29,4,The practical sessions are excellent.
FB13215,ST10321,2026-06-22,4,The faculty support could be better.
FB13216,ST10929,2025-11-24,5,I am satisfied with the learning experience.
FB13217,ST10996,2025-10-04,5,The faculty members are very supportive.
FB13218,ST10286,2024-10-25,4,The placement training has been useful.
FB13219,ST10787,2025-01-09,3,The courses are okay but could be improved.
FB13220,ST10822,2025-01-19,3,The facilities are satisfactor.
FB13221,ST10195,2025-09-10,3,The facilities are satisfactor.
FB13222,ST10730,2025-08-08,4,The faculty members are very supportive.
FB13223,ST10818,2025-10-27,4,The practical sessions are excellent.
FB13224,ST10121,2026-08-07,3,The facilities are satisfactor.
FB13225,ST10654,2026-02-22,5,The practical sessions are excellent.
FB13226,ST10188,2024-09-03,5,The practical sessions need complete overhaul.
FB13227,ST10384,2024-09-17,5,The placement training has been useful.
FB13228,ST10955,2025-02-26,5,The practical sessions are excellent.
FB13229,ST10150,2026-08-04,5,The courses are well structured and helpful.
FB13230,ST10128,2025-10-03,5,The placement opportunities are not sufficient.
FB13231,ST10403,2025-04-11,5,I am satisfied with the learning experience.
FB13232,ST10951,2025-05-04,5,The practical sessions are excellent.
FB13233,ST10524,2025-09-02,5,I am satisfied with the learning experience.
FB13234,ST10053,2025-06-19,5,The academic resources need improvement.
FB13235,ST10502,2026-03-19,5,The placement training has been useful.
FB13236,ST10397,2024-12-17,4,I am satisfied with the learning experience.
FB13237,ST10126,2024-09-01,4,The courses are well structured and helpful.
FB13238,ST10868,2025-05-14,5,The courses are well structured and helpful.
FB13239,ST10131,2026-01-31,3,The learning experience is neither good nor bad.
FB13240,ST10210,2025-05-18,4,The academic resources are very helpful.
FB13241,ST10011,2025-05-21,5,The practical sessions are excellent.
FB13242,ST10292,2025-12-16,4,I am satisfied with the learning experience.
FB13243,ST10634,2025-04-09,3,The facilities are satisfactor.
FB13244,ST10951,2025-02-17,4,I am satisfied with the learning experience.
FB13245,ST10024,2025-09-11,4,The faculty members are very supportive.
FB13246,ST10176,2025-03-20,4,The practical sessions need complete overhaul.
FB13247,ST10209,2026-05-10,4,The courses are well structured and helpful.
FB13248,ST10094,2024-10-05,5,The practical sessions are excellent.
FB13249,ST10829,2025-12-17,4,The courses are well structured and helpful.
FB13250,ST10866,2025-03-06,5,I am satisfied with the learning experience.
FB13251,ST10625,2026-07-01,4,I am satisfied with the learning experience.
FB13252,ST10287,2025-06-14,5,I am satisfied with the learning experience.
FB13253,ST10446,2026-07-10,5,The practical sessions are excellent.
FB13254,ST10457,2026-05-12,4,The courses are well structured and helpful.
FB13255,ST10419,2024-09-09,3,The learning experience is neither good nor bad.
FB13256,ST10154,2025-10-23,3,The learning experience is neither good nor bad.
FB13257,ST10872,2025-03-23,3,The learning experience is neither good nor bad.
FB13258,ST10024,2025-02-09,4,The faculty members are very supportive.
FB13259,ST10903,2024-12-13,3,The learning experience is neither good nor bad.
FB13260,ST10809,2025-05-10,3,The faculty support could be better.
FB13261,ST10330,2026-07-15,5,The practical sessions are excellent.
FB13262,ST10859,2025-06-19,5,I am satisfied with the learning experience.
FB13263,ST10148,2026-01-10,3,Some aspects of the program are useful.
FB13264,ST10858,2024-12-02,3,The learning experience is neither good nor bad.
FB13265,ST10173,2024-10-25,3,The courses are okay but could be improved.
FB13266,ST10224,2026-03-07,5,The placement training has been useful.
FB13267,ST10255,2025-06-10,3,The courses are okay but could be improved.
FB13268,ST10389,2025-09-26,3,The learning experience is neither good nor bad.
FB13269,ST10984,2026-01-26,4,The practical sessions are excellent.
FB13270,ST10661,2025-12-06,3,The learning experience is neither good nor bad.
FB13271,ST10731,2026-06-26,3,The practical sessions need complete overhaul.
FB13272,ST10586,2025-12-16,4,The placement training has been useful.
FB13273,ST10503,2026-02-02,5,The placement training has been useful.
FB13274,ST10092,2025-02-10,4,The faculty members are very supportive.
FB13275,ST10276,2025-07-08,5,The faculty members are very supportive.
FB13276,ST10162,2025-02-20,4,The practical sessions are excellent.
FB13277,ST10867,2025-11-05,5,The placement training has been useful.
FB13278,ST10050,2024-12-14,3,The overall experience is average.
FB13279,ST10725,2025-07-15,3,The placment training needs serious improvement.
FB13280,ST10631,2025-04-17,3,The overall experience is average.
FB13281,ST10257,2026-07-25,5,The faculty members are very supportive.
FB13282,ST10153,2025-12-01,5,The placement training has been useful.
FB13283,ST10892,2025-04-30,5,The workload is too high.
FB13284,ST10420,2025-08-01,4,The practical sessions are excellent.
FB13285,ST10238,2025-10-13,4,The placement opportunities are not sufficient.
FB13286,ST10054,2024-11-28,4,The academic resources are very helpful.
FB13287,ST10296,2025-01-25,4,The placement training has been useful.
FB13288,ST10242,2026-01-06,4,I am satisfied with the learning experience.
FB13289,ST10069,2024-12-03,3,The facilities are satisfactor.
FB13290,ST10837,2025-11-12,3,Some aspects of the program are useful.
FB13291,ST10128,2025-10-12,3,Some aspects of the program are useful.
FB13292,ST10780,2026-01-31,4,I am satisfied with the learning experience.
FB13293,ST10547,2026-05-01,4,The workload is too high.
FB13294,ST10806,2025-01-22,5,I am satisfied with the learning experience.
FB13295,ST10526,2026-06-18,5,The placement opportunities are not sufficient.
FB13296,ST10517,2024-12-03,5,The practical sessions need complete overhaul.
FB13297,ST10139,2025-04-15,4,The placement training has been useful.
FB13298,ST10867,2026-02-03,5,The practical sessions are excellent.
FB13299,ST10588,2026-02-16,3,The learning experience is neither good nor bad.
FB13300,ST10252,2026-07-16,4,The academic resources are very helpful.
FB13301,ST10731,2025-09-28,4,The academic resources are very helpful.
FB13302,ST10069,2026-07-25,4,The workload is too high.
FB13303,ST10001,2024-12-01,5,The practical sessions are excellent.
FB13304,ST10694,2025-07-18,3,Some aspects of the program are useful.
FB13305,ST10555,2026-07-25,3,Some aspects of the program are useful.
FB13306,ST10478,2026-04-08,3,The placement opportunities are not sufficient.
FB13307,ST10363,2024-12-08,3,Some aspects of the program are useful.
FB13308,ST10736,2026-01-09,3,The practical sessions need complete overhaul.
FB13309,ST10770,2026-08-12,4,The placement training has been useful.
FB13310,ST10516,2025-10-30,4,The workload is too high.
FB13311,ST10825,2026-07-31,5,The courses are well structured and helpful.
FB13312,ST10863,2024-12-18,5,The practical sessions are excellent.
FB13313,ST10392,2025-04-21,4,The faculty members are very supportive.
FB13314,ST10323,2024-10-09,4,The courses are well structured and helpful.
FB13315,ST10446,2025-10-24,3,The courses are okay but could be improved.
FB13316,ST10461,2025-10-05,3,The academic resources need improvement.
FB13317,ST10144,2026-02-27,3,The facilities are satisfactor.
FB13318,ST10406,2024-11-17,4,The courses are well structured and helpful.
FB13319,ST10926,2025-01-08,5,The placement training has been useful.
FB13320,ST10478,2025-04-21,3,The facilities are satisfactor.
FB13321,ST10904,2026-06-01,5,I am satisfied with the learning experience.
FB13322,ST10983,2026-07-02,4,I am satisfied with the learning experience.
FB13323,ST10303,2024-12-09,5,The faculty members are very supportive.
FB13324,ST10932,2026-03-05,5,The academic resources are very helpful.
FB13325,ST10080,2024-09-09,5,The faculty members are very supportive.
FB13326,ST10042,2026-04-04,5,The practical sessions need complete overhaul.
FB13327,ST10070,2025-04-22,5,I am satisfied with the learning experience.
FB13328,ST10945,2026-07-02,4,The courses are well structured and helpful.
FB13329,ST10150,2025-07-05,3,Some aspects of the program are useful.
FB13330,ST10277,2025-07-03,4,The practical sessions are excellent.
FB13331,ST10646,2025-04-10,5,The courses are well structured and helpful.
FB13332,ST10414,2025-07-28,5,The practical sessions are excellent.
FB13333,ST10356,2026-03-20,3,The facilities are satisfactor.
FB13334,ST10377,2026-08-13,4,The practical sessions are excellent.
FB13335,ST10905,2026-05-18,5,The placement training has been useful.
FB13336,ST10782,2026-07-13,4,The academic resources are very helpful.
FB13337,ST10992,2025-12-25,5,The placement training has been useful.
FB13338,ST10677,2026-08-12,3,The facilities are satisfactor.
FB13339,ST10148,2026-03-14,4,I am satisfied with the learning experience.
FB13340,ST10632,2025-03-18,4,The placement training has been useful.
FB13341,ST10043,2024-12-14,4,The courses are well structured and helpful.
FB13342,ST10200,2026-04-15,5,I am satisfied with the learning experience.
FB13343,ST10819,2025-01-10,5,The workload is too high.
FB13344,ST10438,2024-11-08,4,The faculty members are very supportive.
FB13345,ST10001,2024-11-28,4,The workload is too high.
FB13346,ST10880,2025-01-08,5,The academic resources are very helpful.
FB13347,ST10806,2024-09-07,4,The placement training has been useful.
FB13348,ST10948,2026-04-02,3,The overall experience is average.
FB13349,ST10082,2025-12-06,3,The facilities are satisfactor.
FB13350,ST10632,2025-12-10,3,The facilities are satisfactor.
FB13351,ST10872,2025-03-13,5,The faculty members are very supportive.
FB13352,ST10647,2025-12-01,3,Some aspects of the program are useful.
FB13353,ST10160,2025-11-01,3,Some aspects of the program are useful.
FB13354,ST10533,2025-12-06,3,Some aspects of the program are useful.
FB13355,ST10797,2025-02-13,3,The workload is too high.
FB13356,ST10835,2025-11-24,5,The placement training has been useful.
FB13357,ST10337,2025-02-14,5,The faculty support could be better.
FB13358,ST10511,2025-02-13,5,The practical sessions need complete overhaul.
FB13359,ST10053,2026-02-02,5,The faculty support could be better.
FB13360,ST10821,2024-09-07,5,The placment training needs serious improvement.
FB13361,ST10844,2025-05-24,4,I am satisfied with the learning experience.
FB13362,ST10902,2024-10-18,4,The practical sessions need complete overhaul.
FB13363,ST10927,2026-02-03,5,The courses are well structured and helpful.
FB13364,ST10423,2026-04-15,3,The learning experience is neither good nor bad.
FB13365,ST10581,2025-08-23,4,The courses are well structured and helpful.
FB13366,ST10167,2024-11-30,3,The overall experience is average.
FB13367,ST10794,2025-09-12,5,The courses are well structured and helpful.
FB13368,ST10416,2026-06-06,5,The workload is too high.
FB13369,ST10425,2025-11-30,5,The courses are well structured and helpful.
FB13370,ST10961,2025-08-17,4,The faculty members are very supportive.
FB13371,ST10499,2026-02-22,4,The practical sessions need complete overhaul.
FB13372,ST10951,2026-01-04,4,The placement opportunities are not sufficient.
FB13373,ST10220,2025-06-04,5,I am satisfied with the learning experience.
FB13374,ST10250,2025-01-07,3,The courses are okay but could be improved.
FB13375,ST10345,2026-06-10,5,The faculty members are very supportive.
FB13376,ST10874,2025-06-14,4,The courses are well structured and helpful.
FB13377,ST10816,2025-09-03,3,The courses are okay but could be improved.
FB13378,ST10554,2025-08-21,4,The courses are well structured and helpful.
FB13379,ST10053,2024-12-02,4,I am satisfied with the learning experience.
FB13380,ST10137,2024-12-23,5,The faculty members are very supportive.
FB13381,ST10683,2025-01-15,4,The courses are well structured and helpful.
FB13382,ST10915,2025-02-09,4,The courses are well structured and helpful.
FB13383,ST10597,2024-09-12,4,The courses are well structured and helpful.
FB13384,ST10842,2025-07-01,4,The workload is too high.
FB13385,ST10919,2026-04-03,4,The placement training has been useful.
FB13386,ST10274,2024-08-29,4,The practical sessions are excellent.
FB13387,ST10852,2026-08-06,3,The courses are okay but could be improved.
FB13388,ST10067,2025-03-15,4,The faculty members are very supportive.
FB13389,ST10659,2025-07-04,3,Some aspects of the program are useful.
FB13390,ST10099,2025-02-06,5,I am satisfied with the learning experience.
FB13391,ST10033,2026-03-17,4,The faculty members are very supportive.
FB13392,ST10712,2026-01-21,5,The placement training has been useful.
FB13393,ST10975,2025-01-22,5,The faculty members are very supportive.
FB13394,ST10429,2026-03-29,5,The workload is too high.
FB13395,ST10814,2025-01-23,5,The faculty support could be better.
FB13396,ST10683,2024-10-08,5,I am satisfied with the learning experience.
FB13397,ST10153,2025-01-02,3,The overall experience is average.
FB13398,ST10082,2026-08-08,4,The courses are well structured and helpful.
FB13399,ST10111,2025-07-25,4,The workload is too high.
FB13400,ST10153,2026-06-22,3,The facilities are satisfactor.
FB13401,ST10789,2025-12-10,4,The faculty members are very supportive.
FB13402,ST10736,2025-09-02,4,The placement training has been useful.
FB13403,ST10953,2026-02-03,3,Some aspects of the program are useful.
FB13404,ST10747,2025-04-27,4,The academic resources are very helpful.
FB13405,ST10918,2026-06-22,5,The courses are well structured and helpful.
FB13406,ST10161,2025-08-08,4,The faculty members are very supportive.
FB13407,ST10051,2026-07-08,5,The faculty members are very supportive.
FB13408,ST10192,2025-02-25,5,The practical sessions need complete overhaul.
FB13409,ST10675,2025-07-16,5,The academic resources need improvement.
FB13410,ST10884,2025-06-28,5,I am satisfied with the learning experience.
FB13411,ST10764,2026-04-12,5,The practical sessions need complete overhaul.
FB13412,ST10675,2024-09-19,4,The practical sessions are excellent.
FB13413,ST10008,2025-12-03,4,The workload is too high.
FB13414,ST10978,2026-03-12,5,The courses are well structured and helpful.
FB13415,ST10897,2026-05-20,5,The workload is too high.
FB13416,ST10044,2025-06-09,5,The workload is too high.
FB13417,ST10526,2026-02-28,3,The facilities are satisfactor.
FB13418,ST10930,2025-04-18,5,I am satisfied with the learning experience.
FB13419,ST10040,2025-06-20,3,The facilities are satisfactor.
FB13420,ST10729,2025-12-05,5,The practical sessions are excellent.
FB13421,ST10346,2026-08-17,4,The placement training has been useful.
FB13422,ST10217,2026-03-17,5,The academic resources are very helpful.
FB13423,ST10544,2025-11-05,4,The practical sessions are excellent.
FB13424,ST10446,2025-11-22,3,The overall experience is average.
FB13425,ST10466,2025-10-08,3,The placement opportunities are not sufficient.
FB13426,ST10561,2025-09-29,4,The placement training has been useful.
FB13427,ST10292,2025-12-29,4,The placement training has been useful.
FB13428,ST10486,2026-06-29,4,The practical sessions need complete overhaul.
FB13429,ST10952,2026-02-15,4,The practical sessions are excellent.
FB13430,ST10946,2026-04-21,4,The practical sessions are excellent.
FB13431,ST10461,2024-09-16,4,The academic resources are very helpful.
FB13432,ST10837,2025-09-26,5,The practical sessions are excellent.
FB13433,ST10405,2024-11-10,4,The practical sessions are excellent.
FB13434,ST10042,2025-08-03,4,The placement training has been useful.
FB13435,ST10407,2025-08-07,4,The courses are well structured and helpful.
FB13436,ST10822,2026-05-22,4,The placement opportunities are not sufficient.
FB13437,ST10834,2026-06-30,4,The practical sessions need complete overhaul.
FB13438,ST10017,2024-09-19,5,The academic resources are very helpful.
FB13439,ST10788,2026-06-30,3,The overall experience is average.
FB13440,ST10509,2025-02-24,3,The workload is too high.
FB13441,ST10547,2025-09-24,3,The facilities are satisfactor.
FB13442,ST10799,2025-10-09,5,I am satisfied with the learning experience.
FB13443,ST10575,2025-06-21,3,The courses are okay but could be improved.
FB13444,ST10559,2026-03-12,3,The overall experience is average.
FB13445,ST10702,2024-09-17,4,The faculty members are very supportive.
FB13446,ST10970,2025-10-25,4,The courses are well structured and helpful.
FB13447,ST10954,2025-06-14,3,The facilities are satisfactor.
FB13448,ST10174,2025-09-22,3,The facilities are satisfactor.
FB13449,ST10426,2026-04-04,4,The placement training has been useful.
FB13450,ST10747,2025-12-20,5,The courses are well structured and helpful.
FB13451,ST10317,2024-09-25,5,The academic resources need improvement.
FB13452,ST10562,2025-01-12,3,The overall experience is average.
FB13453,ST10160,2025-04-01,3,The placment training needs serious improvement.
FB13454,ST10977,2025-07-25,4,The faculty members are very supportive.
FB13455,ST10117,2025-06-23,3,The facilities are satisfactor.
FB13456,ST10125,2026-07-05,5,The practical sessions are excellent.
FB13457,ST10524,2025-04-11,5,The academic resources are very helpful.
FB13458,ST10805,2026-04-10,5,The courses are well structured and helpful.
FB13459,ST10181,2026-05-22,5,I am satisfied with the learning experience.
FB13460,ST10743,2025-03-28,4,The practical sessions are excellent.
FB13461,ST10065,2025-08-11,4,The faculty members are very supportive.
FB13462,ST10535,2024-12-25,4,The placement opportunities are not sufficient.
FB13463,ST10199,2025-07-12,5,The academic resources are very helpful.
FB13464,ST10031,2025-04-03,5,The placement training has been useful.
FB13465,ST10107,2025-12-07,5,The practical sessions need complete overhaul.
FB13466,ST10218,2026-08-01,5,The practical sessions are excellent.
FB13467,ST10793,2024-09-29,4,The academic resources are very helpful.
FB13468,ST11000,2026-02-04,4,The workload is too high.
FB13469,ST10855,2025-09-23,3,The learning experience is neither good nor bad.
FB13470,ST10571,2026-07-20,3,The learning experience is neither good nor bad.
FB13471,ST10330,2024-12-06,3,The courses are okay but could be improved.
FB13472,ST10922,2025-08-13,4,The placement training has been useful.
FB13473,ST10004,2026-05-24,5,The courses are well structured and helpful.
FB13474,ST10665,2026-01-01,4,The academic resources are very helpful.
FB13475,ST10993,2025-08-03,4,The placement training has been useful.
FB13476,ST10138,2024-10-27,4,The placement opportunities are not sufficient.
FB13477,ST10534,2026-03-02,4,The courses are well structured and helpful.
FB13478,ST10485,2025-09-10,5,The practical sessions are excellent.
FB13479,ST10123,2024-11-13,3,The overall experience is average.
FB13480,ST10806,2025-01-04,3,The faculty support could be better.
FB13481,ST10252,2026-04-14,5,The placement training has been useful.
FB13482,ST10040,2025-11-15,5,The placment training needs serious improvement.
FB13483,ST10962,2026-08-16,5,I am satisfied with the learning experience.
FB13484,ST10836,2026-07-13,5,I am satisfied with the learning experience.
FB13485,ST10349,2026-02-09,5,The placment training needs serious improvement.
FB13486,ST10999,2025-10-16,5,The courses are well structured and helpful.
FB13487,ST10316,2024-12-01,3,The learning experience is neither good nor bad.
FB13488,ST10024,2025-06-19,5,The faculty members are very supportive.
FB13489,ST10190,2025-07-05,3,The courses are okay but could be improved.
FB13490,ST10954,2025-04-26,4,The practical sessions are excellent.
FB13491,ST10372,2025-08-03,5,The faculty members are very supportive.
FB13492,ST10326,2024-09-06,5,The workload is too high.
FB13493,ST10591,2025-01-03,4,The courses are well structured and helpful.
FB13494,ST10051,2025-08-05,4,The practical sessions are excellent.
FB13495,ST10832,2025-11-19,3,Some aspects of the program are useful.
FB13496,ST10892,2026-07-15,3,The facilities are satisfactor.
FB13497,ST10929,2026-02-22,4,The faculty members are very supportive.
FB13498,ST10917,2026-07-14,5,The courses are well structured and helpful.
FB13499,ST10941,2025-01-21,5,The placment training needs serious improvement.
FB13500,ST10674,2026-07-04,4,The academic resources are very helpful.
FB13501,ST10141,2025-08-06,4,The practical sessions are excellent.
FB13502,ST10110,2024-10-27,4,The placment training needs serious improvement.
FB13503,ST10481,2025-02-28,4,The practical sessions need complete overhaul.
FB13504,ST10555,2025-04-26,4,I am satisfied with the learning experience.
FB13505,ST10084,2026-02-06,4,I am satisfied with the learning experience.
FB13506,ST10646,2026-01-03,4,The practical sessions need complete overhaul.
FB13507,ST10224,2026-07-23,3,The courses are okay but could be improved.
FB13508,ST10174,2026-02-21,3,Some aspects of the program are useful.
FB13509,ST10245,2026-04-28,3,The placment training needs serious improvement.
FB13510,ST10698,2024-12-23,4,The faculty members are very supportive.
FB13511,ST10505,2026-02-26,5,The courses are well structured and helpful.
FB13512,ST10217,2026-03-10,3,The learning experience is neither good nor bad.
FB13513,ST10198,2024-11-21,3,The faculty support could be better.
FB13514,ST10353,2024-10-27,5,The practical sessions are excellent.
FB13515,ST10933,2024-11-14,4,The faculty members are very supportive.
FB13516,ST10632,2026-02-17,4,The placment training needs serious improvement.
FB13517,ST10724,2025-08-02,5,The academic resources are very helpful.
FB13518,ST10002,2025-12-23,5,The practical sessions need complete overhaul.
FB13519,ST10605,2025-05-26,4,The faculty members are very supportive.
FB13520,ST10591,2024-10-23,4,The academic resources are very helpful.
FB13521,ST10991,2025-09-28,3,The courses are okay but could be improved.
FB13522,ST10729,2026-02-18,4,I am satisfied with the learning experience.
FB13523,ST10749,2025-06-12,4,The placement training has been useful.
FB13524,ST10989,2026-03-05,4,The courses are well structured and helpful.
FB13525,ST10668,2026-04-24,4,The courses are well structured and helpful.
FB13526,ST10424,2025-09-19,5,I am satisfied with the learning experience.
FB13527,ST10148,2025-12-06,4,The academic resources are very helpful.
FB13528,ST10890,2024-12-20,5,The placement training has been useful.
FB13529,ST10676,2025-06-08,5,The faculty members are very supportive.
FB13530,ST10680,2025-10-19,4,The academic resources are very helpful.
FB13531,ST10212,2025-06-09,4,I am satisfied with the learning experience.
FB13532,ST10502,2024-09-21,5,The faculty members are very supportive.
FB13533,ST10051,2026-04-06,5,The placement training has been useful.
FB13534,ST10163,2024-12-28,5,The courses are well structured and helpful.
FB13535,ST10537,2026-07-27,4,The placement training has been useful.
FB13536,ST10903,2025-05-05,5,The faculty members are very supportive.
FB13537,ST10182,2025-10-31,5,The courses are well structured and helpful.
FB13538,ST10805,2026-06-25,3,The overall experience is average.
FB13539,ST10601,2026-01-12,4,The faculty members are very supportive.
FB13540,ST10461,2026-06-19,5,The faculty members are very supportive.
FB13541,ST10987,2024-12-12,5,I am satisfied with the learning experience.
FB13542,ST10226,2024-12-21,4,I am satisfied with the learning experience.
FB13543,ST10800,2026-06-23,5,The placement training has been useful.
FB13544,ST10225,2024-12-08,5,The placement opportunities are not sufficient.
FB13545,ST10522,2025-01-03,3,The courses are okay but could be improved.
FB13546,ST10113,2026-04-07,5,The faculty members are very supportive.
FB13547,ST10707,2026-02-22,5,The academic resources are very helpful.
FB13548,ST10765,2024-09-26,4,The courses are well structured and helpful.
FB13549,ST10248,2025-07-09,4,The faculty support could be better.
FB13550,ST10830,2025-04-14,4,The academic resources are very helpful.
FB13551,ST10643,2025-04-15,4,The practical sessions are excellent.
FB13552,ST10153,2026-03-08,4,The faculty support could be better.
FB13553,ST10787,2026-04-07,3,Some aspects of the program are useful.
FB13554,ST10430,2025-07-30,5,The courses are well structured and helpful.
FB13555,ST10199,2025-03-30,5,The academic resources are very helpful.
FB13556,ST10739,2025-12-17,3,The facilities are satisfactor.
FB13557,ST10713,2025-01-05,3,The placement opportunities are not sufficient.
FB13558,ST10205,2024-11-17,3,Some aspects of the program are useful.
FB13559,ST10579,2026-07-16,5,The courses are well structured and helpful.
FB13560,ST10484,2024-11-28,3,The courses are okay but could be improved.
FB13561,ST10333,2025-01-22,5,The faculty members are very supportive.
FB13562,ST10483,2024-08-20,3,Some aspects of the program are useful.
FB13563,ST10342,2025-12-14,4,The placement training has been useful.
FB13564,ST10707,2026-04-04,4,The practical sessions are excellent.
FB13565,ST10237,2025-03-02,4,The courses are well structured and helpful.
FB13566,ST10479,2024-08-27,4,The academic resources are very helpful.
FB13567,ST10106,2025-08-09,3,Some aspects of the program are useful.
FB13568,ST10452,2025-09-08,3,The courses are okay but could be improved.
FB13569,ST10756,2026-06-13,4,The faculty members are very supportive.
FB13570,ST10038,2025-09-09,5,The practical sessions are excellent.
FB13571,ST10124,2025-10-14,5,The academic resources need improvement.
FB13572,ST10603,2026-05-07,5,The workload is too high.
FB13573,ST10096,2024-08-22,4,I am satisfied with the learning experience.
FB13574,ST10096,2025-12-03,4,The placement opportunities are not sufficient.
FB13575,ST10550,2026-07-04,3,The courses are okay but could be improved.
FB13576,ST10046,2025-09-05,4,The faculty members are very supportive.
FB13577,ST10674,2025-02-18,3,The overall experience is average.
FB13578,ST10949,2025-02-02,3,The workload is too high.
FB13579,ST10815,2025-11-18,4,The faculty members are very supportive.
FB13580,ST10091,2026-01-12,5,I am satisfied with the learning experience.
FB13581,ST10001,2025-08-22,5,The faculty members are very supportive.
FB13582,ST10772,2025-08-05,4,The academic resources are very helpful.
FB13583,ST10028,2025-07-02,3,Some aspects of the program are useful.
FB13584,ST10022,2025-07-27,3,The courses are okay but could be improved.
FB13585,ST10177,2024-10-18,3,The workload is too high.
FB13586,ST10756,2025-11-27,4,I am satisfied with the learning experience.
FB13587,ST10848,2025-11-27,5,I am satisfied with the learning experience.
FB13588,ST10472,2024-08-23,4,The placement training has been useful.
FB13589,ST10634,2025-02-24,4,The courses are well structured and helpful.
FB13590,ST10376,2026-07-04,3,The facilities are satisfactor.
FB13591,ST10855,2025-10-17,3,The courses are okay but could be improved.
FB13592,ST10705,2025-03-22,5,I am satisfied with the learning experience.
FB13593,ST10388,2025-12-12,4,The faculty members are very supportive.
FB13594,ST10546,2025-12-19,4,The placement training has been useful.
FB13595,ST10087,2025-10-25,3,The courses are okay but could be improved.
FB13596,ST10075,2026-05-17,5,The courses are well structured and helpful.
FB13597,ST10235,2026-05-20,3,The courses are okay but could be improved.
FB13598,ST10273,2025-01-26,3,Some aspects of the program are useful.
FB13599,ST10906,2024-09-24,3,Some aspects of the program are useful.
FB13600,ST10921,2025-01-08,3,The placement opportunities are not sufficient.
FB13601,ST10338,2024-12-11,3,The workload is too high.
FB13602,ST10849,2024-09-29,3,The placement opportunities are not sufficient.
FB13603,ST10677,2026-01-07,5,The placement training has been useful.
FB13604,ST10177,2025-05-16,3,The learning experience is neither good nor bad.
FB13605,ST10286,2024-09-15,4,The practical sessions are excellent.
FB13606,ST10949,2024-12-08,3,The overall experience is average.
FB13607,ST10201,2026-06-12,5,The placement training has been useful.
FB13608,ST10950,2024-09-12,4,The practical sessions are excellent.
FB13609,ST10816,2026-01-18,3,The overall experience is average.
FB13610,ST10236,2025-11-10,3,Some aspects of the program are useful.
FB13611,ST10973,2026-05-30,3,The placement opportunities are not sufficient.
FB13612,ST10491,2025-11-29,4,The academic resources are very helpful.
FB13613,ST10055,2025-04-06,4,The practical sessions are excellent.
FB13614,ST10819,2025-05-02,4,The courses are well structured and helpful.
FB13615,ST10248,2026-08-02,5,The courses are well structured and helpful.
FB13616,ST10538,2024-10-25,5,The faculty members are very supportive.
FB13617,ST10341,2024-09-25,4,I am satisfied with the learning experience.
FB13618,ST10438,2024-11-10,4,I am satisfied with the learning experience.
FB13619,ST10823,2025-07-07,3,The overall experience is average.
FB13620,ST10531,2025-01-03,4,The placement training has been useful.
FB13621,ST10433,2024-12-21,3,Some aspects of the program are useful.
FB13622,ST10083,2026-01-22,3,The facilities are satisfactor.
FB13623,ST10472,2025-03-26,5,The faculty members are very supportive.
FB13624,ST10031,2025-12-05,4,The courses are well structured and helpful.
FB13625,ST10794,2026-01-13,3,The overall experience is average.
FB13626,ST10884,2026-02-06,3,The placment training needs serious improvement.
FB13627,ST10086,2026-02-12,4,The academic resources are very helpful.
FB13628,ST10085,2025-11-23,3,The learning experience is neither good nor bad.
FB13629,ST10976,2025-11-05,3,The practical sessions need complete overhaul.
FB13630,ST10803,2026-04-21,3,The academic resources need improvement.
FB13631,ST10381,2025-10-28,4,The academic resources are very helpful.
FB13632,ST10737,2025-01-02,5,The faculty members are very supportive.
FB13633,ST10389,2025-08-06,3,Some aspects of the program are useful.
FB13634,ST10662,2026-03-23,5,The faculty members are very supportive.
FB13635,ST10164,2025-11-10,5,I am satisfied with the learning experience.
FB13636,ST10295,2025-05-24,4,The courses are well structured and helpful.
FB13637,ST10180,2026-08-11,4,The faculty support could be better.
FB13638,ST10514,2024-09-14,3,The overall experience is average.
FB13639,ST10322,2024-10-29,5,The courses are well structured and helpful.
FB13640,ST10479,2026-04-06,4,The practical sessions are excellent.
FB13641,ST10003,2025-04-07,3,The courses are okay but could be improved.
FB13642,ST10387,2025-04-25,4,The faculty members are very supportive.
FB13643,ST10371,2025-05-31,3,The facilities are satisfactor.
FB13644,ST10543,2026-07-16,4,The placement training has been useful.
FB13645,ST10242,2025-06-08,4,The faculty members are very supportive.
FB13646,ST10330,2026-05-17,5,The courses are well structured and helpful.
FB13647,ST10318,2024-10-09,5,The placement opportunities are not sufficient.
FB13648,ST10385,2026-03-30,3,Some aspects of the program are useful.
FB13649,ST10732,2025-07-15,4,The placement training has been useful.
FB13650,ST10417,2026-06-04,5,The placement training has been useful.
FB13651,ST10633,2025-10-19,4,The courses are well structured and helpful.
FB13652,ST10129,2024-10-07,4,The faculty members are very supportive.
FB13653,ST10951,2025-04-02,5,The placement training has been useful.
FB13654,ST10855,2025-08-18,4,The practical sessions are excellent.
FB13655,ST10268,2024-11-30,3,The facilities are satisfactor.
FB13656,ST10986,2024-11-20,3,The workload is too high.
FB13657,ST10561,2026-02-08,3,The practical sessions need complete overhaul.
FB13658,ST10902,2026-06-16,3,The placement opportunities are not sufficient.
FB13659,ST10199,2025-03-19,4,I am satisfied with the learning experience.
FB13660,ST10410,2025-04-30,4,I am satisfied with the learning experience.
FB13661,ST10145,2025-10-01,3,Some aspects of the program are useful.
FB13662,ST10695,2025-07-05,5,I am satisfied with the learning experience.
FB13663,ST10418,2025-09-29,4,The courses are well structured and helpful.
FB13664,ST10901,2025-01-27,4,The academic resources are very helpful.
FB13665,ST10378,2026-02-09,3,Some aspects of the program are useful.
FB13666,ST10442,2025-01-27,5,The faculty members are very supportive.
FB13667,ST10085,2025-12-06,5,The courses are well structured and helpful.
FB13668,ST10299,2024-10-02,5,The academic resources need improvement.
FB13669,ST10400,2024-11-10,5,The faculty members are very supportive.
FB13670,ST10888,2025-11-04,5,The workload is too high.
FB13671,ST10413,2026-03-07,3,The facilities are satisfactor.
FB13672,ST10349,2025-12-19,5,I am satisfied with the learning experience.
FB13673,ST10197,2025-10-02,5,The academic resources need improvement.
FB13674,ST10024,2024-10-25,3,The learning experience is neither good nor bad.
FB13675,ST10387,2025-08-28,5,The faculty members are very supportive.
FB13676,ST10526,2026-03-03,4,The practical sessions are excellent.
FB13677,ST10791,2026-02-03,5,The courses are well structured and helpful.
FB13678,ST10248,2025-11-30,4,The practical sessions are excellent.
FB13679,ST10851,2026-08-13,4,The faculty support could be better.
FB13680,ST10743,2026-04-22,4,The practical sessions need complete overhaul.
FB13681,ST10625,2026-02-17,4,The placment training needs serious improvement.
FB13682,ST10690,2025-03-29,3,The overall experience is average.
FB13683,ST10297,2025-07-15,3,The overall experience is average.
FB13684,ST10874,2025-12-03,4,I am satisfied with the learning experience.
FB13685,ST10214,2026-06-07,4,The faculty support could be better.
FB13686,ST10199,2025-04-20,4,The faculty support could be better.
FB13687,ST10602,2025-03-07,4,The academic resources are very helpful.
FB13688,ST10405,2025-09-30,3,The courses are okay but could be improved.
FB13689,ST10826,2025-11-07,5,The courses are well structured and helpful.
FB13690,ST10539,2025-12-15,4,The courses are well structured and helpful.
FB13691,ST10622,2025-05-19,4,The workload is too high.
FB13692,ST10608,2026-08-08,4,The academic resources are very helpful.
FB13693,ST10505,2024-11-26,5,The placement training has been useful.
FB13694,ST10232,2025-12-08,4,The placement training has been useful.
FB13695,ST10741,2025-10-29,5,The courses are well structured and helpful.
FB13696,ST10777,2025-09-07,5,The practical sessions need complete overhaul.
FB13697,ST10098,2025-09-25,5,The practical sessions are excellent.
FB13698,ST10798,2026-03-07,4,The practical sessions are excellent.
FB13699,ST10011,2025-12-21,4,The workload is too high.
FB13700,ST10841,2025-09-08,4,The courses are well structured and helpful.
FB13701,ST10343,2025-09-04,3,The overall experience is average.
FB13702,ST10563,2026-05-07,4,The practical sessions are excellent.
FB13703,ST10251,2025-01-04,3,The facilities are satisfactor.
FB13704,ST10484,2026-07-05,3,The learning experience is neither good nor bad.
FB13705,ST10271,2025-12-04,3,Some aspects of the program are useful.
FB13706,ST10123,2025-02-14,3,The practical sessions need complete overhaul.
FB13707,ST10939,2026-02-19,4,The practical sessions are excellent.
FB13708,ST10402,2025-03-31,4,The faculty members are very supportive.
FB13709,ST10908,2025-01-15,4,The faculty members are very supportive.
FB13710,ST10828,2024-08-19,5,The practical sessions are excellent.
FB13711,ST10112,2024-11-17,4,I am satisfied with the learning experience.
FB13712,ST10407,2024-09-05,4,The faculty members are very supportive.
FB13713,ST10601,2025-08-14,4,The placement training has been useful.
FB13714,ST10175,2025-12-16,4,The workload is too high.
FB13715,ST10965,2026-04-28,4,The practical sessions are excellent.
FB13716,ST10076,2024-11-17,5,The faculty members are very supportive.
FB13717,ST10346,2026-03-13,5,The courses are well structured and helpful.
FB13718,ST10957,2026-06-07,5,The academic resources are very helpful.
FB13719,ST10134,2025-01-26,4,The placement training has been useful.
FB13720,ST10850,2026-05-01,5,The courses are well structured and helpful.
FB13721,ST10244,2025-12-08,5,The placement training has been useful.
FB13722,ST10446,2025-07-06,5,The academic resources need improvement.
FB13723,ST10048,2025-07-05,4,The courses are well structured and helpful.
FB13724,ST10765,2024-09-22,4,The courses are well structured and helpful.
FB13725,ST10967,2025-05-04,4,The courses are well structured and helpful.
FB13726,ST10370,2025-05-16,4,The practical sessions are excellent.
FB13727,ST10838,2025-10-27,4,The placment training needs serious improvement.
FB13728,ST10396,2026-05-06,4,The placement training has been useful.
FB13729,ST10329,2025-12-26,4,The workload is too high.
FB13730,ST10103,2025-01-29,4,The workload is too high.
FB13731,ST10261,2024-08-26,4,The faculty support could be better.
FB13732,ST10054,2025-12-28,4,The placement opportunities are not sufficient.
FB13733,ST10564,2025-01-21,4,The practical sessions are excellent.
FB13734,ST10498,2026-02-04,3,The learning experience is neither good nor bad.
FB13735,ST10435,2025-03-24,3,The courses are okay but could be improved.
FB13736,ST10637,2025-03-03,5,The practical sessions are excellent.
FB13737,ST10298,2026-04-23,3,The overall experience is average.
FB13738,ST10119,2024-10-09,4,The practical sessions are excellent.
FB13739,ST10813,2025-04-14,4,The placement training has been useful.
FB13740,ST10351,2025-04-08,4,The placement training has been useful.
FB13741,ST10418,2025-09-15,5,I am satisfied with the learning experience.
FB13742,ST10630,2025-10-19,3,The overall experience is average.
FB13743,ST10105,2025-04-26,3,The learning experience is neither good nor bad.
FB13744,ST10708,2026-04-05,3,Some aspects of the program are useful.
FB13745,ST10842,2024-08-22,4,The faculty members are very supportive.
FB13746,ST10823,2024-11-14,4,The practical sessions are excellent.
FB13747,ST10958,2026-02-01,5,The placement training has been useful.
FB13748,ST10597,2025-05-03,5,The practical sessions need complete overhaul.
FB13749,ST10775,2025-05-10,5,The practical sessions are excellent.
FB13750,ST10786,2025-06-21,3,The learning experience is neither good nor bad.
FB13751,ST10891,2026-03-03,3,The facilities are satisfactor.
FB13752,ST10851,2025-11-02,5,The practical sessions are excellent.
FB13753,ST10092,2025-12-09,5,The faculty support could be better.
FB13754,ST10149,2024-09-09,5,The faculty members are very supportive.
FB13755,ST10653,2026-05-26,5,The workload is too high.
FB13756,ST10151,2025-01-01,5,The courses are well structured and helpful.
FB13757,ST10022,2025-01-15,3,The facilities are satisfactor.
FB13758,ST10584,2025-05-01,3,The courses are okay but could be improved.
FB13759,ST10977,2026-05-27,4,I am satisfied with the learning experience.
FB13760,ST10190,2025-05-07,4,The workload is too high.
FB13761,ST10302,2026-08-04,3,The learning experience is neither good nor bad.
FB13762,ST10414,2026-01-22,5,The courses are well structured and helpful.
FB13763,ST10638,2025-08-25,3,Some aspects of the program are useful.
FB13764,ST10485,2026-07-30,4,The academic resources are very helpful.
FB13765,ST10469,2025-08-21,3,The overall experience is average.
FB13766,ST10658,2026-04-29,4,The academic resources are very helpful.
FB13767,ST10317,2024-09-14,4,The academic resources are very helpful.
FB13768,ST10533,2026-01-01,3,The facilities are satisfactor.
FB13769,ST10687,2024-12-01,3,The facilities are satisfactor.
FB13770,ST10666,2025-08-26,4,The practical sessions are excellent.
FB13771,ST10674,2024-12-16,4,The placment training needs serious improvement.
FB13772,ST10857,2025-12-18,4,The faculty support could be better.
FB13773,ST10848,2025-08-10,5,The faculty members are very supportive.
FB13774,ST10909,2026-07-11,3,The courses are okay but could be improved.
FB13775,ST10924,2026-06-21,3,Some aspects of the program are useful.
FB13776,ST10445,2025-10-09,4,The practical sessions are excellent.
FB13777,ST10416,2026-07-14,4,The faculty members are very supportive.
FB13778,ST10445,2025-05-05,3,The overall experience is average.
FB13779,ST10803,2025-08-12,5,The practical sessions are excellent.
FB13780,ST10353,2026-04-18,4,The courses are well structured and helpful.
FB13781,ST10016,2026-05-12,4,The placement training has been useful.
FB13782,ST10689,2025-07-05,4,The workload is too high.
FB13783,ST10785,2026-08-08,5,The practical sessions are excellent.
FB13784,ST10586,2026-03-17,5,The courses are well structured and helpful.
FB13785,ST10864,2024-09-30,5,The faculty members are very supportive.
FB13786,ST10555,2026-05-28,5,The practical sessions are excellent.
FB13787,ST10871,2025-09-26,4,The academic resources are very helpful.
FB13788,ST10876,2025-04-07,5,I am satisfied with the learning experience.
FB13789,ST10771,2025-10-30,5,The courses are well structured and helpful.
FB13790,ST10615,2026-03-04,4,The placement training has been useful.
FB13791,ST10057,2026-01-26,4,The placement training has been useful.
FB13792,ST10077,2025-04-20,5,I am satisfied with the learning experience.
FB13793,ST10844,2025-10-23,5,The placment training needs serious improvement.
FB13794,ST10050,2025-10-08,5,The practical sessions need complete overhaul.
FB13795,ST10541,2024-09-01,5,The academic resources are very helpful.
FB13796,ST10083,2025-01-26,4,The practical sessions are excellent.
FB13797,ST10879,2025-11-09,3,The overall experience is average.
FB13798,ST10465,2026-02-01,4,I am satisfied with the learning experience.
FB13799,ST10893,2025-05-02,5,The placement training has been useful.
FB13800,ST10643,2026-05-01,5,The academic resources are very helpful.
FB13801,ST10226,2026-07-30,3,The facilities are satisfactor.
FB13802,ST10018,2026-07-08,3,The practical sessions need complete overhaul.
FB13803,ST10454,2026-04-28,4,The placement training has been useful.
FB13804,ST10060,2025-05-19,3,The learning experience is neither good nor bad.
FB13805,ST10907,2024-10-08,5,The placement training has been useful.
FB13806,ST10688,2024-12-11,5,I am satisfied with the learning experience.
FB13807,ST10020,2025-03-23,5,The courses are well structured and helpful.
FB13808,ST10743,2026-06-02,3,The learning experience is neither good nor bad.
FB13809,ST10945,2024-09-11,4,The courses are well structured and helpful.
FB13810,ST10579,2025-05-08,3,Some aspects of the program are useful.
FB13811,ST10069,2025-06-05,3,The facilities are satisfactor.
FB13812,ST10024,2025-12-17,5,The practical sessions are excellent.
FB13813,ST10069,2025-10-06,5,The workload is too high.
FB13814,ST10208,2026-06-03,4,The courses are well structured and helpful.
FB13815,ST10978,2024-12-24,4,The faculty support could be better.
FB13816,ST10733,2025-11-04,4,The workload is too high.
FB13817,ST10354,2025-12-01,4,The practical sessions need complete overhaul.
FB13818,ST10112,2025-06-16,5,The courses are well structured and helpful.
FB13819,ST10011,2025-01-10,4,I am satisfied with the learning experience.
FB13820,ST10081,2025-11-23,3,The overall experience is average.
FB13821,ST10389,2024-11-16,4,The placement training has been useful.
FB13822,ST10845,2026-06-20,5,The academic resources are very helpful.
FB13823,ST10136,2026-04-17,5,The practical sessions are excellent.
FB13824,ST10386,2026-03-24,5,I am satisfied with the learning experience.
FB13825,ST10077,2025-04-14,5,The placement opportunities are not sufficient.
FB13826,ST10304,2026-02-16,4,The practical sessions are excellent.
FB13827,ST10744,2026-06-15,4,The placement opportunities are not sufficient.
FB13828,ST10331,2025-04-19,5,The placement training has been useful.
FB13829,ST10523,2026-02-20,5,The courses are well structured and helpful.
FB13830,ST10283,2024-09-11,4,The courses are well structured and helpful.
FB13831,ST10463,2025-03-16,4,The faculty members are very supportive.
FB13832,ST10408,2025-07-05,4,The courses are well structured and helpful.
FB13833,ST10927,2024-10-24,4,The placement training has been useful.
FB13834,ST10938,2025-09-08,4,The courses are well structured and helpful.
FB13835,ST10655,2026-06-30,4,The placement training has been useful.
FB13836,ST10105,2025-02-18,3,The facilities are satisfactor.
FB13837,ST10532,2025-06-02,3,The practical sessions need complete overhaul.
FB13838,ST10176,2025-08-04,5,The faculty members are very supportive.
FB13839,ST10804,2026-05-24,3,Some aspects of the program are useful.
FB13840,ST10449,2025-04-10,4,The placement training has been useful.
FB13841,ST10896,2025-02-01,4,The workload is too high.
FB13842,ST10898,2025-09-29,4,The practical sessions are excellent.
FB13843,ST10557,2025-04-09,3,The facilities are satisfactor.
FB13844,ST10419,2024-12-31,5,I am satisfied with the learning experience.
FB13845,ST10983,2024-11-13,3,The learning experience is neither good nor bad.
FB13846,ST10805,2025-06-04,3,Some aspects of the program are useful.
FB13847,ST10737,2026-04-19,3,The learning experience is neither good nor bad.
FB13848,ST10698,2024-09-16,3,The placment training needs serious improvement.
FB13849,ST10465,2026-04-14,5,The courses are well structured and helpful.
FB13850,ST10882,2025-01-21,5,The workload is too high.
FB13851,ST10922,2026-07-28,4,I am satisfied with the learning experience.
FB13852,ST10374,2024-10-28,3,The learning experience is neither good nor bad.
FB13853,ST10554,2025-07-28,4,The academic resources are very helpful.
FB13854,ST10185,2025-09-15,5,The faculty members are very supportive.
FB13855,ST10691,2024-09-06,5,The placement training has been useful.
FB13856,ST10016,2026-04-30,3,Some aspects of the program are useful.
FB13857,ST10459,2025-08-27,3,The academic resources need improvement.
FB13858,ST10272,2026-07-21,4,I am satisfied with the learning experience.
FB13859,ST10536,2025-09-10,3,The courses are okay but could be improved.
FB13860,ST10075,2024-12-15,3,The workload is too high.
FB13861,ST10336,2025-01-12,4,The placement training has been useful.
FB13862,ST10571,2025-05-09,5,The academic resources are very helpful.
FB13863,ST10241,2026-08-05,5,The practical sessions are excellent.
FB13864,ST10803,2025-08-28,4,The courses are well structured and helpful.
FB13865,ST10130,2026-03-09,4,The placment training needs serious improvement.
FB13866,ST10872,2026-06-27,4,The courses are well structured and helpful.
FB13867,ST10679,2025-09-28,4,The practical sessions need complete overhaul.
FB13868,ST10999,2025-04-16,3,The facilities are satisfactor.
FB13869,ST10520,2026-04-12,3,The academic resources need improvement.
FB13870,ST10134,2025-04-29,5,The practical sessions are excellent.
FB13871,ST10867,2024-12-07,3,Some aspects of the program are useful.
FB13872,ST10567,2026-04-07,3,The overall experience is average.
FB13873,ST10291,2026-06-26,5,The academic resources are very helpful.
FB13874,ST10986,2024-11-02,5,The placment training needs serious improvement.
FB13875,ST10712,2026-05-18,3,The overall experience is average.
FB13876,ST10366,2026-08-16,3,The workload is too high.
FB13877,ST10917,2025-09-22,5,The placement training has been useful.
FB13878,ST10490,2026-01-25,4,The academic resources are very helpful.
FB13879,ST10027,2024-11-29,4,The practical sessions need complete overhaul.
FB13880,ST10282,2025-01-24,4,The courses are well structured and helpful.
FB13881,ST10737,2026-03-03,3,The learning experience is neither good nor bad.
FB13882,ST10507,2024-09-15,3,The learning experience is neither good nor bad.
FB13883,ST10394,2025-08-09,5,The practical sessions are excellent.
FB13884,ST10518,2025-06-15,4,I am satisfied with the learning experience.
FB13885,ST10328,2026-02-23,5,I am satisfied with the learning experience.
FB13886,ST10768,2026-06-20,5,The academic resources are very helpful.
FB13887,ST10698,2025-09-27,4,The placement training has been useful.
FB13888,ST10699,2024-11-15,3,The courses are okay but could be improved.
FB13889,ST10378,2024-08-21,4,The faculty members are very supportive.
FB13890,ST10680,2025-04-16,4,The faculty support could be better.
FB13891,ST10774,2026-08-12,4,The practical sessions need complete overhaul.
FB13892,ST10746,2024-09-21,3,The learning experience is neither good nor bad.
FB13893,ST10583,2026-02-02,4,The academic resources are very helpful.
FB13894,ST10172,2026-06-07,4,The practical sessions are excellent.
FB13895,ST10798,2025-11-22,3,The facilities are satisfactor.
FB13896,ST10275,2026-06-26,5,The practical sessions are excellent.
FB13897,ST10472,2024-10-24,4,I am satisfied with the learning experience.
FB13898,ST10362,2025-05-03,4,The placement opportunities are not sufficient.
FB13899,ST10302,2025-08-15,4,I am satisfied with the learning experience.
FB13900,ST10700,2026-07-09,5,The practical sessions are excellent.
FB13901,ST10809,2024-09-22,4,I am satisfied with the learning experience.
FB13902,ST10560,2024-11-06,4,The placement opportunities are not sufficient.
FB13903,ST10957,2025-09-26,4,The placement training has been useful.
FB13904,ST10267,2026-04-05,5,The academic resources are very helpful.
FB13905,ST10192,2026-01-11,5,The faculty members are very supportive.
FB13906,ST10183,2026-03-20,5,The faculty support could be better.
FB13907,ST10399,2025-04-17,4,The practical sessions are excellent.
FB13908,ST10414,2024-09-04,4,The workload is too high.
FB13909,ST10890,2025-11-09,3,The facilities are satisfactor.
FB13910,ST10543,2026-03-30,3,The facilities are satisfactor.
FB13911,ST10105,2025-04-17,4,The practical sessions are excellent.
FB13912,ST10574,2025-12-27,3,The facilities are satisfactor.
FB13913,ST10375,2026-07-11,5,The academic resources are very helpful.
FB13914,ST10532,2025-01-27,5,The placement training has been useful.
FB13915,ST10017,2025-04-24,3,The learning experience is neither good nor bad.
FB13916,ST10792,2025-01-20,3,The facilities are satisfactor.
FB13917,ST10230,2025-01-14,4,The faculty members are very supportive.
FB13918,ST10899,2025-03-28,3,Some aspects of the program are useful.
FB13919,ST10845,2025-03-20,5,The courses are well structured and helpful.
FB13920,ST10614,2025-10-05,4,The courses are well structured and helpful.
FB13921,ST10535,2025-04-22,4,The faculty support could be better.
FB13922,ST10596,2026-04-10,4,The courses are well structured and helpful.
FB13923,ST10859,2025-07-26,5,The placement training has been useful.
FB13924,ST10091,2026-01-21,4,The placement training has been useful.
FB13925,ST10335,2024-11-17,4,The workload is too high.
FB13926,ST10110,2025-03-17,5,I am satisfied with the learning experience.
FB13927,ST10635,2024-12-11,5,The practical sessions need complete overhaul.
FB13928,ST10488,2024-12-18,3,Some aspects of the program are useful.
FB13929,ST10100,2025-03-18,5,The placement training has been useful.
FB13930,ST10872,2024-11-14,5,The courses are well structured and helpful.
FB13931,ST10976,2024-08-29,5,The academic resources need improvement.
FB13932,ST10886,2025-12-14,3,The overall experience is average.
FB13933,ST10291,2025-10-26,3,The placment training needs serious improvement.
FB13934,ST10037,2025-09-21,3,The courses are okay but could be improved.
FB13935,ST10468,2024-11-05,4,The practical sessions are excellent.
FB13936,ST10713,2025-01-25,4,The placement training has been useful.
FB13937,ST10620,2025-10-13,3,The courses are okay but could be improved.
FB13938,ST10776,2025-05-17,5,The faculty members are very supportive.
FB13939,ST10133,2025-10-18,5,The practical sessions are excellent.
FB13940,ST10412,2025-04-22,5,I am satisfied with the learning experience.
FB13941,ST10571,2025-03-16,5,The practical sessions need complete overhaul.
FB13942,ST10427,2024-12-05,5,The faculty members are very supportive.
FB13943,ST10812,2026-02-16,3,Some aspects of the program are useful.
FB13944,ST10453,2026-05-04,4,I am satisfied with the learning experience.
FB13945,ST10505,2025-03-26,3,Some aspects of the program are useful.
FB13946,ST10346,2025-11-06,3,The academic resources need improvement.
FB13947,ST10287,2025-02-24,5,The faculty members are very supportive.
FB13948,ST10988,2024-12-29,5,The faculty members are very supportive.
FB13949,ST10183,2024-10-12,4,The faculty members are very supportive.
FB13950,ST10991,2025-04-16,5,The academic resources are very helpful.
FB13951,ST10341,2025-12-07,4,The courses are well structured and helpful.
FB13952,ST10044,2026-07-12,5,The faculty members are very supportive.
FB13953,ST10655,2025-05-08,4,The academic resources are very helpful.
FB13954,ST10075,2025-10-11,4,The workload is too high.
FB13955,ST10659,2025-07-28,4,The placment training needs serious improvement.
FB13956,ST10819,2024-09-26,4,The faculty members are very supportive.
FB13957,ST10214,2024-11-27,5,The faculty members are very supportive.
FB13958,ST10035,2024-09-09,5,The academic resources are very helpful.
FB13959,ST10569,2025-08-18,3,The overall experience is average.
FB13960,ST10291,2026-07-20,5,The practical sessions are excellent.
FB13961,ST10396,2026-01-24,5,The academic resources are very helpful.
FB13962,ST10148,2024-09-26,4,The academic resources are very helpful.
FB13963,ST10434,2024-11-08,5,The academic resources are very helpful.
FB13964,ST10737,2025-06-11,5,The academic resources need improvement.
FB13965,ST10424,2024-09-28,4,The courses are well structured and helpful.
FB13966,ST10376,2024-10-23,4,The academic resources need improvement.
FB13967,ST10721,2025-07-15,5,The faculty members are very supportive.
FB13968,ST10215,2025-06-18,5,The placment training needs serious improvement.
FB13969,ST10539,2025-01-04,4,I am satisfied with the learning experience.
FB13970,ST10755,2026-02-16,4,The courses are well structured and helpful.
FB13971,ST10205,2025-11-24,3,The overall experience is average.
FB13972,ST10642,2026-07-11,4,The courses are well structured and helpful.
FB13973,ST10387,2025-11-21,3,The overall experience is average.
FB13974,ST10533,2025-12-19,5,The faculty members are very supportive.
FB13975,ST10164,2026-05-29,5,The practical sessions are excellent.
FB13976,ST10354,2026-02-05,5,I am satisfied with the learning experience.
FB13977,ST10414,2026-02-12,5,The courses are well structured and helpful.
FB13978,ST10182,2025-07-30,3,The facilities are satisfactor.
FB13979,ST10492,2025-12-09,5,The faculty members are very supportive.
FB13980,ST10576,2025-05-21,3,The learning experience is neither good nor bad.
FB13981,ST10139,2025-04-17,4,The practical sessions are excellent.
FB13982,ST10334,2025-05-03,5,The courses are well structured and helpful.
FB13983,ST10392,2026-05-14,5,The placement opportunities are not sufficient.
FB13984,ST10247,2025-01-18,3,The learning experience is neither good nor bad.
FB13985,ST10055,2026-02-22,5,I am satisfied with the learning experience.
FB13986,ST10984,2026-03-30,4,The placement training has been useful.
FB13987,ST10065,2026-01-21,4,I am satisfied with the learning experience.
FB13988,ST10454,2026-05-08,3,The courses are okay but could be improved.
FB13989,ST10949,2025-10-06,4,The practical sessions are excellent.
FB13990,ST10980,2024-10-18,4,The placment training needs serious improvement.
FB13991,ST10334,2026-08-04,4,I am satisfied with the learning experience.
FB13992,ST10759,2026-03-28,4,I am satisfied with the learning experience.
FB13993,ST10751,2026-04-03,4,The faculty members are very supportive.
FB13994,ST10656,2025-08-14,4,The practical sessions are excellent.
FB13995,ST10243,2025-11-02,4,The faculty support could be better.
FB13996,ST10669,2024-11-28,4,I am satisfied with the learning experience.
FB13997,ST10328,2024-10-29,5,The faculty members are very supportive.
FB13998,ST10428,2026-05-11,5,The academic resources are very helpful.
FB13999,ST10755,2026-05-03,3,The learning experience is neither good nor bad.
FB14000,ST10225,2026-08-02,5,The placement training has been useful.
FB14001,ST10254,2026-02-11,5,The placement opportunities are not sufficient.
FB14002,ST10341,2025-08-16,5,The faculty members are very supportive.
FB14003,ST10626,2024-11-01,3,The overall experience is average.
FB14004,ST10185,2025-08-06,3,The placement opportunities are not sufficient.
FB14005,ST10845,2025-04-16,3,The placement opportunities are not sufficient.
FB14006,ST10450,2026-01-31,4,The practical sessions are excellent.
FB14007,ST10451,2025-12-31,5,The courses are well structured and helpful.
FB14008,ST10253,2026-02-20,3,Some aspects of the program are useful.
FB14009,ST10480,2026-04-05,3,The learning experience is neither good nor bad.
FB14010,ST10737,2025-08-14,5,The placement training has been useful.
FB14011,ST10142,2025-08-18,4,The practical sessions are excellent.
FB14012,ST10134,2025-02-13,4,The academic resources are very helpful.
FB14013,ST10138,2025-02-07,3,The learning experience is neither good nor bad.
FB14014,ST10747,2024-12-07,3,The overall experience is average.
FB14015,ST10562,2026-06-17,4,The courses are well structured and helpful.
FB14016,ST10272,2026-07-14,3,The learning experience is neither good nor bad.
FB14017,ST10622,2025-12-10,3,The academic resources need improvement.
FB14018,ST10907,2025-03-06,5,The practical sessions are excellent.
FB14019,ST10358,2026-07-28,3,The facilities are satisfactor.
FB14020,ST10684,2025-05-27,4,I am satisfied with the learning experience.
FB14021,ST10653,2025-06-18,4,The courses are well structured and helpful.
FB14022,ST10207,2025-01-07,4,The faculty members are very supportive.
FB14023,ST10945,2026-02-12,5,The courses are well structured and helpful.
FB14024,ST10113,2026-07-31,4,The faculty members are very supportive.
FB14025,ST10977,2026-01-16,4,The academic resources are very helpful.
FB14026,ST10024,2025-05-01,3,Some aspects of the program are useful.
FB14027,ST10172,2026-04-22,3,Some aspects of the program are useful.
FB14028,ST10768,2026-06-17,4,The courses are well structured and helpful.
FB14029,ST10311,2026-07-04,4,The faculty members are very supportive.
FB14030,ST10059,2025-04-27,3,The courses are okay but could be improved.
FB14031,ST10934,2025-08-05,5,The placement training has been useful.
FB14032,ST10085,2025-08-31,5,The practical sessions are excellent.
FB14033,ST10096,2024-09-10,3,The overall experience is average.
FB14034,ST10149,2024-10-07,4,The academic resources are very helpful.
FB14035,ST10750,2025-08-22,4,I am satisfied with the learning experience.
FB14036,ST10121,2024-11-13,4,The academic resources need improvement.
FB14037,ST10984,2025-05-17,4,The placement training has been useful.
FB14038,ST10055,2025-08-24,4,The academic resources are very helpful.
FB14039,ST10119,2025-08-11,4,The placement training has been useful.
FB14040,ST10133,2026-06-05,4,The placment training needs serious improvement.
FB14041,ST10124,2024-12-28,3,The overall experience is average.
FB14042,ST10458,2025-03-25,5,The faculty members are very supportive.
FB14043,ST10955,2026-04-06,4,The practical sessions are excellent.
FB14044,ST10038,2025-05-15,5,I am satisfied with the learning experience.
FB14045,ST10390,2025-11-30,4,The practical sessions are excellent.
FB14046,ST10677,2025-11-07,5,The academic resources are very helpful.
FB14047,ST10796,2024-11-24,5,I am satisfied with the learning experience.
FB14048,ST10181,2025-09-16,4,The faculty members are very supportive.
FB14049,ST10809,2024-11-05,4,The placement training has been useful.
FB14050,ST10945,2025-06-29,5,The courses are well structured and helpful.
FB14051,ST10138,2026-05-15,5,The faculty members are very supportive.
FB14052,ST10132,2026-02-23,4,The practical sessions are excellent.
FB14053,ST10718,2026-04-28,4,The faculty support could be better.
FB14054,ST10739,2024-11-09,4,The courses are well structured and helpful.
FB14055,ST10825,2025-04-28,4,The academic resources need improvement.
FB14056,ST10683,2025-10-23,4,The faculty members are very supportive.
FB14057,ST10798,2026-01-04,3,The learning experience is neither good nor bad.
FB14058,ST10844,2024-10-12,4,The courses are well structured and helpful.
FB14059,ST10993,2026-04-25,5,I am satisfied with the learning experience.
FB14060,ST10196,2025-04-09,5,The faculty members are very supportive.
FB14061,ST10553,2025-10-05,4,The faculty members are very supportive.
FB14062,ST10218,2025-08-11,4,The faculty support could be better.
FB14063,ST10965,2025-06-25,4,The academic resources are very helpful.
FB14064,ST10027,2025-11-19,4,The placement training has been useful.
FB14065,ST10433,2025-07-05,4,The practical sessions are excellent.
FB14066,ST10491,2025-02-19,5,The placement training has been useful.
FB14067,ST10062,2025-12-13,4,The practical sessions are excellent.
FB14068,ST10454,2025-02-23,3,The overall experience is average.
FB14069,ST10442,2025-10-17,4,The practical sessions are excellent.
FB14070,ST10423,2024-12-19,5,I am satisfied with the learning experience.
FB14071,ST10544,2025-08-27,3,The overall experience is average.
FB14072,ST10351,2025-06-12,4,I am satisfied with the learning experience.
FB14073,ST10228,2024-10-08,3,The facilities are satisfactor.
FB14074,ST10034,2025-05-09,4,The courses are well structured and helpful.
FB14075,ST10631,2025-01-26,5,The placement training has been useful.
FB14076,ST10578,2026-05-12,5,The academic resources need improvement.
FB14077,ST10463,2026-02-08,4,The faculty members are very supportive.
FB14078,ST10380,2025-11-20,5,The academic resources are very helpful.
FB14079,ST10381,2025-07-18,4,I am satisfied with the learning experience.
FB14080,ST10258,2026-04-19,4,The courses are well structured and helpful.
FB14081,ST10857,2025-07-22,4,The practical sessions need complete overhaul.
FB14082,ST10445,2025-11-01,4,The courses are well structured and helpful.
FB14083,ST10788,2026-04-21,4,The practical sessions are excellent.
FB14084,ST10040,2025-05-10,5,The academic resources are very helpful.
FB14085,ST10568,2025-10-14,5,The placement training has been useful.
FB14086,ST10283,2026-02-08,3,The overall experience is average.
FB14087,ST10501,2025-02-17,4,The practical sessions are excellent.
FB14088,ST10558,2024-12-30,5,The courses are well structured and helpful.
FB14089,ST10459,2026-01-14,4,The practical sessions are excellent.
FB14090,ST10890,2026-01-20,3,The facilities are satisfactor.
FB14091,ST10722,2024-10-17,4,The courses are well structured and helpful.
FB14092,ST10521,2026-03-15,4,The placement training has been useful.
FB14093,ST10253,2026-08-11,4,The academic resources are very helpful.
FB14094,ST10341,2026-02-21,5,The courses are well structured and helpful.
FB14095,ST10370,2025-11-06,5,The faculty support could be better.
FB14096,ST10504,2026-05-29,4,The placement training has been useful.
FB14097,ST10117,2025-08-30,3,The overall experience is average.
FB14098,ST10018,2024-11-14,5,I am satisfied with the learning experience.
FB14099,ST10545,2025-11-20,5,The academic resources need improvement.
FB14100,ST10364,2025-11-23,5,The academic resources are very helpful.
FB14101,ST10611,2025-08-12,4,The courses are well structured and helpful.
FB14102,ST10124,2025-04-27,4,The faculty members are very supportive.
FB14103,ST10688,2025-10-23,4,The workload is too high.
FB14104,ST10622,2024-11-01,5,The placement training has been useful.
FB14105,ST10859,2026-05-18,5,The placement training has been useful.
FB14106,ST10843,2025-07-29,4,The faculty members are very supportive.
FB14107,ST10538,2025-01-01,5,I am satisfied with the learning experience.
FB14108,ST10020,2025-04-14,5,The faculty members are very supportive.
FB14109,ST10425,2025-06-29,5,The faculty members are very supportive.
FB14110,ST10642,2024-10-11,4,The courses are well structured and helpful.
FB14111,ST10052,2025-11-25,5,The placement training has been useful.
FB14112,ST10128,2024-11-10,5,The placment training needs serious improvement.
FB14113,ST10021,2026-02-01,3,The facilities are satisfactor.
FB14114,ST10600,2026-05-12,4,The practical sessions are excellent.
FB14115,ST10841,2025-11-24,3,The facilities are satisfactor.
FB14116,ST10588,2026-04-09,4,I am satisfied with the learning experience.
FB14117,ST10325,2026-05-16,3,The overall experience is average.
FB14118,ST10262,2025-06-08,3,Some aspects of the program are useful.
FB14119,ST10039,2025-04-29,3,The faculty support could be better.
FB14120,ST10663,2025-09-05,3,The practical sessions need complete overhaul.
FB14121,ST10952,2025-12-31,3,The placement opportunities are not sufficient.
FB14122,ST10542,2026-01-12,3,The academic resources need improvement.
FB14123,ST10230,2024-10-04,3,The courses are okay but could be improved.
FB14124,ST10475,2024-10-27,4,The academic resources are very helpful.
FB14125,ST10834,2025-02-03,5,The practical sessions are excellent.
FB14126,ST10105,2026-05-14,4,The placement training has been useful.
FB14127,ST10153,2024-12-03,4,The faculty members are very supportive.
FB14128,ST10497,2026-07-08,4,The faculty members are very supportive.
FB14129,ST10239,2025-11-12,4,The faculty support could be better.
FB14130,ST10448,2026-07-20,5,The academic resources are very helpful.
FB14131,ST10597,2026-03-27,5,The courses are well structured and helpful.
FB14132,ST10827,2025-12-25,5,The academic resources are very helpful.
FB14133,ST10170,2026-05-09,5,The academic resources need improvement.
FB14134,ST10143,2024-08-18,4,The placement training has been useful.
FB14135,ST10528,2026-03-29,4,The practical sessions are excellent.
FB14136,ST10109,2024-12-09,4,The courses are well structured and helpful.
FB14137,ST10677,2026-01-13,3,The overall experience is average.
FB14138,ST10646,2024-12-11,3,The academic resources need improvement.
FB14139,ST10266,2025-08-04,4,The practical sessions are excellent.
FB14140,ST10241,2025-10-04,5,The academic resources are very helpful.
FB14141,ST10923,2025-04-01,4,The courses are well structured and helpful.
FB14142,ST11000,2025-06-16,5,The courses are well structured and helpful.
FB14143,ST10951,2025-12-09,3,The overall experience is average.
FB14144,ST10835,2025-11-09,3,The placment training needs serious improvement.
FB14145,ST10994,2025-07-31,5,The placement training has been useful.
FB14146,ST10312,2025-01-16,4,I am satisfied with the learning experience.
FB14147,ST10463,2025-01-24,4,The faculty support could be better.
FB14148,ST10535,2026-01-29,5,I am satisfied with the learning experience.
FB14149,ST10996,2026-06-30,4,The placement training has been useful.
FB14150,ST10553,2025-04-20,5,The courses are well structured and helpful.
FB14151,ST10554,2025-04-07,5,The placement training has been useful.
FB14152,ST10485,2025-11-03,3,The courses are okay but could be improved.
FB14153,ST10863,2026-04-26,4,The practical sessions are excellent.
FB14154,ST10307,2026-07-28,4,The courses are well structured and helpful.
FB14155,ST10957,2026-01-27,5,The placement training has been useful.
FB14156,ST10811,2025-04-11,5,The academic resources are very helpful.
FB14157,ST10574,2026-08-01,5,The workload is too high.
FB14158,ST10475,2026-08-15,3,The learning experience is neither good nor bad.
FB14159,ST10593,2025-07-21,3,The academic resources need improvement.
FB14160,ST10953,2026-02-26,3,The academic resources need improvement.
FB14161,ST10651,2026-07-29,5,The courses are well structured and helpful.
FB14162,ST10235,2025-05-12,3,The facilities are satisfactor.
FB14163,ST10927,2024-10-26,3,Some aspects of the program are useful.
FB14164,ST10434,2025-11-13,4,The placement training has been useful.
FB14165,ST10507,2024-08-24,4,The academic resources need improvement.
FB14166,ST10255,2025-12-05,4,The faculty members are very supportive.
FB14167,ST10342,2025-09-18,3,The facilities are satisfactor.
FB14168,ST10110,2025-06-27,3,The learning experience is neither good nor bad.
FB14169,ST10595,2026-06-07,3,The learning experience is neither good nor bad.
FB14170,ST10187,2024-11-25,5,The courses are well structured and helpful.
FB14171,ST10719,2026-06-11,3,Some aspects of the program are useful.
FB14172,ST10386,2025-04-03,5,I am satisfied with the learning experience.
FB14173,ST10959,2024-10-05,3,The overall experience is average.
FB14174,ST10273,2025-05-31,4,The faculty members are very supportive.
FB14175,ST10067,2026-07-18,5,I am satisfied with the learning experience.
FB14176,ST10105,2025-10-18,5,I am satisfied with the learning experience.
FB14177,ST10594,2024-09-28,3,The learning experience is neither good nor bad.
FB14178,ST10282,2024-08-18,4,I am satisfied with the learning experience.
FB14179,ST10515,2026-02-15,4,The workload is too high.
FB14180,ST10273,2025-10-26,4,The practical sessions are excellent.
FB14181,ST10629,2026-05-17,4,The placement training has been useful.
FB14182,ST10265,2025-05-24,5,I am satisfied with the learning experience.
FB14183,ST10617,2024-11-11,4,The placement training has been useful.
FB14184,ST10639,2026-06-17,4,The placment training needs serious improvement.
FB14185,ST10308,2025-03-25,4,The courses are well structured and helpful.
FB14186,ST10367,2026-06-21,3,Some aspects of the program are useful.
FB14187,ST10656,2024-09-11,3,The workload is too high.
FB14188,ST10732,2025-02-16,4,I am satisfied with the learning experience.
FB14189,ST10487,2025-07-19,3,The overall experience is average.
FB14190,ST10350,2026-02-14,4,I am satisfied with the learning experience.
FB14191,ST10941,2025-11-19,4,The practical sessions are excellent.
FB14192,ST10411,2025-06-20,4,The academic resources are very helpful.
FB14193,ST10932,2025-12-16,5,The faculty members are very supportive.
FB14194,ST10508,2025-04-22,4,The courses are well structured and helpful.
FB14195,ST10440,2026-02-21,4,The courses are well structured and helpful.
FB14196,ST10714,2025-06-11,5,The courses are well structured and helpful.
FB14197,ST10412,2025-06-29,5,The practical sessions need complete overhaul.
FB14198,ST10774,2025-06-10,3,The overall experience is average.
FB14199,ST10791,2025-07-22,5,The academic resources are very helpful.
FB14200,ST10609,2025-10-15,4,The practical sessions are excellent.
FB14201,ST10560,2025-01-29,4,The academic resources are very helpful.
FB14202,ST10888,2026-01-14,4,The practical sessions are excellent.
FB14203,ST10100,2024-12-30,5,The placement training has been useful.
FB14204,ST10424,2025-08-21,4,The courses are well structured and helpful.
FB14205,ST10860,2024-12-04,5,I am satisfied with the learning experience.
FB14206,ST10642,2025-01-11,5,The faculty members are very supportive.
FB14207,ST10632,2025-10-23,3,Some aspects of the program are useful.
FB14208,ST10825,2025-06-12,3,The academic resources need improvement.
FB14209,ST10999,2026-06-04,5,The academic resources are very helpful.
FB14210,ST10320,2026-08-06,5,The practical sessions need complete overhaul.
FB14211,ST10581,2025-05-24,5,The courses are well structured and helpful.
FB14212,ST10349,2026-06-01,4,The faculty members are very supportive.
FB14213,ST10114,2025-07-08,4,I am satisfied with the learning experience.
FB14214,ST10060,2024-12-15,4,The practical sessions need complete overhaul.
FB14215,ST10370,2025-03-30,4,The placement training has been useful.
FB14216,ST10360,2026-06-26,4,The placement training has been useful.
FB14217,ST10433,2026-01-20,3,The overall experience is average.
FB14218,ST10233,2024-11-23,3,The placement opportunities are not sufficient.
FB14219,ST10771,2024-11-30,3,The learning experience is neither good nor bad.
FB14220,ST10213,2024-08-27,5,I am satisfied with the learning experience.
FB14221,ST11000,2024-10-12,3,The courses are okay but could be improved.
FB14222,ST10103,2026-01-03,5,The faculty members are very supportive.
FB14223,ST10382,2024-08-30,5,The placement training has been useful.
FB14224,ST10008,2024-12-07,5,The practical sessions are excellent.
FB14225,ST10827,2026-03-01,5,The practical sessions are excellent.
FB14226,ST10184,2026-07-06,5,The placement training has been useful.
FB14227,ST10699,2025-08-31,5,The academic resources need improvement.
FB14228,ST10883,2026-01-11,5,The placement training has been useful.
FB14229,ST10510,2025-07-23,5,The faculty members are very supportive.
FB14230,ST10269,2024-12-01,5,The faculty members are very supportive.
FB14231,ST10434,2024-10-22,5,The practical sessions need complete overhaul.
FB14232,ST10775,2024-12-02,4,The practical sessions are excellent.
FB14233,ST10585,2025-12-29,5,The faculty members are very supportive.
FB14234,ST10988,2026-05-05,4,The practical sessions are excellent.
FB14235,ST10436,2025-07-07,5,The faculty members are very supportive.
FB14236,ST10819,2026-06-17,4,The placement training has been useful.
FB14237,ST10875,2025-08-07,3,The learning experience is neither good nor bad.
FB14238,ST10345,2026-07-13,3,The overall experience is average.
FB14239,ST10112,2026-04-22,5,The faculty members are very supportive.
FB14240,ST10235,2026-02-09,5,The placment training needs serious improvement.
FB14241,ST10712,2025-11-30,5,The practical sessions need complete overhaul.
FB14242,ST10165,2026-08-10,5,The placment training needs serious improvement.
FB14243,ST10180,2025-07-14,5,I am satisfied with the learning experience.
FB14244,ST10439,2025-12-15,5,The practical sessions need complete overhaul.
FB14245,ST10711,2025-01-04,3,The facilities are satisfactor.
FB14246,ST10411,2025-08-05,4,The faculty members are very supportive.
FB14247,ST10400,2025-09-17,4,The courses are well structured and helpful.
FB14248,ST10288,2025-07-13,3,The overall experience is average.
FB14249,ST10095,2025-10-20,5,The practical sessions are excellent.
FB14250,ST10547,2026-05-16,3,The learning experience is neither good nor bad.
FB14251,ST10062,2025-08-02,4,The practical sessions are excellent.
FB14252,ST10111,2025-06-12,5,The practical sessions are excellent.
FB14253,ST10493,2025-05-20,3,Some aspects of the program are useful.
FB14254,ST10131,2025-02-09,4,The courses are well structured and helpful.
FB14255,ST10592,2025-01-09,5,The faculty members are very supportive.
FB14256,ST10954,2025-07-13,3,The overall experience is average.
FB14257,ST10954,2025-11-30,3,The practical sessions need complete overhaul.
FB14258,ST10139,2024-08-23,3,The practical sessions need complete overhaul.
FB14259,ST10812,2025-11-09,5,I am satisfied with the learning experience.
FB14260,ST10078,2025-09-08,4,The courses are well structured and helpful.
FB14261,ST10055,2026-06-06,4,The faculty members are very supportive.
FB14262,ST10754,2026-03-08,3,The learning experience is neither good nor bad.
FB14263,ST10351,2025-02-17,5,The faculty members are very supportive.
FB14264,ST10888,2026-02-22,3,The overall experience is average.
FB14265,ST10473,2025-09-11,4,The academic resources are very helpful.
FB14266,ST10378,2025-03-15,4,The placement opportunities are not sufficient.
FB14267,ST10180,2025-07-03,4,The courses are well structured and helpful.
FB14268,ST10516,2026-08-07,5,The faculty members are very supportive.
FB14269,ST10817,2025-10-16,3,The facilities are satisfactor.
FB14270,ST10049,2025-11-08,5,The placement training has been useful.
FB14271,ST10313,2025-05-30,3,The facilities are satisfactor.
FB14272,ST10668,2024-09-12,4,The academic resources are very helpful.
FB14273,ST10891,2024-09-16,4,The courses are well structured and helpful.
FB14274,ST10144,2025-11-02,4,The workload is too high.
FB14275,ST10958,2025-08-28,3,The learning experience is neither good nor bad.
FB14276,ST10293,2026-02-16,3,Some aspects of the program are useful.
FB14277,ST10784,2025-05-31,3,The learning experience is neither good nor bad.
FB14278,ST10699,2024-11-13,3,The academic resources need improvement.
FB14279,ST10836,2025-11-11,3,The practical sessions need complete overhaul.
FB14280,ST10449,2025-08-27,3,The practical sessions need complete overhaul.
FB14281,ST10783,2026-02-05,5,The academic resources are very helpful.
FB14282,ST10661,2024-10-19,3,The courses are okay but could be improved.
FB14283,ST10502,2024-12-06,5,I am satisfied with the learning experience.
FB14284,ST10702,2026-03-08,5,The courses are well structured and helpful.
FB14285,ST10363,2026-03-09,3,Some aspects of the program are useful.
FB14286,ST10063,2025-09-30,3,The placment training needs serious improvement.
FB14287,ST10622,2026-06-16,3,The courses are okay but could be improved.
FB14288,ST10847,2026-03-23,4,The faculty members are very supportive.
FB14289,ST10034,2026-04-14,5,I am satisfied with the learning experience.
FB14290,ST10737,2025-03-23,5,I am satisfied with the learning experience.
FB14291,ST10640,2025-08-14,5,The faculty support could be better.
FB14292,ST10869,2025-09-23,4,The faculty members are very supportive.
FB14293,ST10037,2024-10-17,4,The academic resources need improvement.
FB14294,ST10807,2025-09-28,3,The overall experience is average.
FB14295,ST10528,2026-07-10,5,The placement training has been useful.
FB14296,ST10486,2025-12-04,4,The practical sessions are excellent.
FB14297,ST10863,2024-10-25,5,I am satisfied with the learning experience.
FB14298,ST10261,2025-02-24,5,The academic resources are very helpful.
FB14299,ST10268,2025-08-19,4,The courses are well structured and helpful.
FB14300,ST10840,2025-12-20,4,The faculty members are very supportive.
FB14301,ST10487,2026-03-17,3,The courses are okay but could be improved.
FB14302,ST10462,2026-01-15,3,Some aspects of the program are useful.
FB14303,ST10110,2026-01-19,5,The academic resources are very helpful.
FB14304,ST10247,2024-10-17,3,The overall experience is average.
FB14305,ST10151,2026-01-31,5,The practical sessions are excellent.
FB14306,ST10896,2025-12-23,5,The placement training has been useful.
FB14307,ST10601,2025-10-10,4,I am satisfied with the learning experience.
FB14308,ST10314,2026-04-29,4,The faculty support could be better.
FB14309,ST10493,2025-11-11,5,I am satisfied with the learning experience.
FB14310,ST10108,2025-04-17,4,The placement training has been useful.
FB14311,ST10260,2025-12-07,4,The courses are well structured and helpful.
FB14312,ST10883,2024-09-27,3,Some aspects of the program are useful.
FB14313,ST10554,2026-07-20,3,The learning experience is neither good nor bad.
FB14314,ST10728,2025-05-11,4,The faculty members are very supportive.
FB14315,ST10927,2025-10-07,4,The practical sessions are excellent.
FB14316,ST10607,2026-04-14,4,The practical sessions are excellent.
FB14317,ST10244,2024-08-26,4,The courses are well structured and helpful.
FB14318,ST11000,2025-08-17,5,The academic resources are very helpful.
FB14319,ST10031,2025-08-05,4,I am satisfied with the learning experience.
FB14320,ST10177,2025-09-20,4,The practical sessions are excellent.
FB14321,ST10729,2026-07-22,4,I am satisfied with the learning experience.
FB14322,ST10150,2025-08-17,4,The courses are well structured and helpful.
FB14323,ST10190,2025-11-06,4,The courses are well structured and helpful.
FB14324,ST10065,2026-03-10,3,The learning experience is neither good nor bad.
FB14325,ST10473,2025-05-02,4,The courses are well structured and helpful.
FB14326,ST10932,2025-07-11,5,The academic resources are very helpful.
FB14327,ST10733,2025-05-19,4,The courses are well structured and helpful.
FB14328,ST10838,2026-04-29,5,The faculty members are very supportive.
FB14329,ST10816,2025-04-03,4,The courses are well structured and helpful.
FB14330,ST10920,2025-03-30,4,The faculty members are very supportive.
FB14331,ST10657,2024-12-26,4,The placement opportunities are not sufficient.
FB14332,ST10523,2024-09-14,3,The learning experience is neither good nor bad.
FB14333,ST10283,2026-02-08,4,The practical sessions are excellent.
FB14334,ST10200,2026-08-04,5,The placement training has been useful.
FB14335,ST10853,2025-11-25,3,The overall experience is average.
FB14336,ST10036,2026-03-23,4,The academic resources are very helpful.
FB14337,ST10469,2025-04-11,4,The practical sessions need complete overhaul.
FB14338,ST10938,2026-03-05,5,The faculty members are very supportive.
FB14339,ST10967,2026-04-19,5,The academic resources are very helpful.
FB14340,ST10449,2025-10-29,5,The faculty support could be better.
FB14341,ST10021,2025-03-08,5,The placment training needs serious improvement.
FB14342,ST10447,2024-10-04,5,The academic resources are very helpful.
FB14343,ST10433,2025-12-19,4,The courses are well structured and helpful.
FB14344,ST10927,2025-08-20,3,The facilities are satisfactor.
FB14345,ST10307,2025-11-10,3,The academic resources need improvement.
FB14346,ST10093,2024-12-27,3,The courses are okay but could be improved.
FB14347,ST10289,2025-11-05,5,The placement training has been useful.
FB14348,ST10103,2024-09-27,5,The practical sessions are excellent.
FB14349,ST10791,2026-01-09,3,The overall experience is average.
FB14350,ST10536,2025-04-01,3,The facilities are satisfactor.
FB14351,ST10792,2026-05-08,5,I am satisfied with the learning experience.
FB14352,ST10430,2026-03-13,4,The faculty members are very supportive.
FB14353,ST10387,2025-12-15,5,The practical sessions are excellent.
FB14354,ST10164,2024-09-08,4,The placement training has been useful.
FB14355,ST10541,2025-03-28,4,The placement training has been useful.
FB14356,ST10484,2025-08-29,5,The academic resources are very helpful.
FB14357,ST10801,2024-10-21,3,The facilities are satisfactor.
FB14358,ST10032,2024-11-24,5,The practical sessions are excellent.
FB14359,ST10185,2025-09-14,5,The courses are well structured and helpful.
FB14360,ST10919,2024-10-16,4,The academic resources are very helpful.
FB14361,ST10130,2026-06-10,4,The courses are well structured and helpful.
FB14362,ST10442,2026-04-18,4,The faculty support could be better.
FB14363,ST10466,2025-03-21,4,The academic resources need improvement.
FB14364,ST10535,2025-03-01,5,I am satisfied with the learning experience.
FB14365,ST10016,2024-11-28,4,The courses are well structured and helpful.
FB14366,ST10780,2025-12-09,4,The placement opportunities are not sufficient.
FB14367,ST10378,2025-03-24,4,The placment training needs serious improvement.
FB14368,ST10803,2025-03-19,5,The faculty members are very supportive.
FB14369,ST10995,2026-06-15,5,The practical sessions need complete overhaul.
FB14370,ST10499,2025-03-05,4,The academic resources are very helpful.
FB14371,ST10688,2024-08-29,3,The learning experience is neither good nor bad.
FB14372,ST10304,2026-03-16,4,I am satisfied with the learning experience.
FB14373,ST10099,2024-11-12,4,The academic resources are very helpful.
FB14374,ST10288,2025-11-30,5,The academic resources are very helpful.
FB14375,ST10963,2024-12-31,4,The faculty members are very supportive.
FB14376,ST10167,2026-07-25,5,The placement training has been useful.
FB14377,ST10525,2025-11-20,4,The placement training has been useful.
FB14378,ST10831,2026-03-14,3,The facilities are satisfactor.
FB14379,ST10739,2024-12-13,3,The facilities are satisfactor.
FB14380,ST10939,2026-01-11,5,The practical sessions are excellent.
FB14381,ST10698,2025-07-30,4,The placement training has been useful.
FB14382,ST10327,2025-06-01,4,The practical sessions are excellent.
FB14383,ST10003,2026-05-07,4,The workload is too high.
FB14384,ST10130,2025-01-01,4,The faculty support could be better.
FB14385,ST10509,2025-03-08,4,The academic resources need improvement.
FB14386,ST10589,2026-04-17,4,The academic resources are very helpful.
FB14387,ST10065,2026-02-13,3,The courses are okay but could be improved.
FB14388,ST10948,2025-02-17,3,The facilities are satisfactor.
FB14389,ST10420,2025-08-29,5,The courses are well structured and helpful.
FB14390,ST10176,2025-01-05,5,I am satisfied with the learning experience.
FB14391,ST10868,2026-04-30,5,The workload is too high.
FB14392,ST10516,2025-10-01,5,The practical sessions are excellent.
FB14393,ST10909,2026-06-18,3,The facilities are satisfactor.
FB14394,ST10006,2024-09-12,4,The placement training has been useful.
FB14395,ST10165,2025-05-11,3,The learning experience is neither good nor bad.
FB14396,ST10247,2024-10-22,4,The placement training has been useful.
FB14397,ST10399,2024-12-08,4,The placement opportunities are not sufficient.
FB14398,ST10947,2025-11-23,4,The faculty support could be better.
FB14399,ST10007,2026-08-13,5,The courses are well structured and helpful.
FB14400,ST10966,2026-05-18,4,The academic resources are very helpful.
FB14401,ST10094,2024-12-15,4,The faculty members are very supportive.
FB14402,ST10626,2026-05-30,4,The placement training has been useful.
FB14403,ST10836,2025-09-07,3,The facilities are satisfactor.
FB14404,ST10191,2026-03-25,4,The academic resources are very helpful.
FB14405,ST10762,2025-07-04,4,The placement training has been useful.
FB14406,ST10841,2026-04-08,4,I am satisfied with the learning experience.
FB14407,ST10034,2025-06-11,5,The placement training has been useful.
FB14408,ST10697,2025-02-18,5,The placement training has been useful.
FB14409,ST10928,2026-01-13,3,The overall experience is average.
FB14410,ST10899,2025-07-25,5,The faculty members are very supportive.
FB14411,ST10716,2026-03-04,4,The academic resources are very helpful.
FB14412,ST10817,2025-12-26,5,The placement training has been useful.
FB14413,ST10608,2024-12-25,5,I am satisfied with the learning experience.
FB14414,ST10353,2025-01-28,5,The faculty members are very supportive.
FB14415,ST10980,2025-11-09,5,The courses are well structured and helpful.
FB14416,ST10857,2026-03-11,3,Some aspects of the program are useful.
FB14417,ST10813,2026-06-02,3,The courses are okay but could be improved.
FB14418,ST10486,2025-05-13,4,The faculty members are very supportive.
FB14419,ST10219,2024-09-29,4,The academic resources need improvement.
FB14420,ST10793,2025-12-29,5,The faculty members are very supportive.
FB14421,ST10047,2025-03-11,5,The practical sessions are excellent.
FB14422,ST10228,2026-03-27,3,The overall experience is average.
FB14423,ST10480,2026-05-16,3,The workload is too high.
FB14424,ST10995,2024-11-16,3,The academic resources need improvement.
FB14425,ST10369,2024-09-27,4,The practical sessions are excellent.
FB14426,ST10346,2024-12-26,4,The workload is too high.
FB14427,ST10431,2025-08-13,5,The placement training has been useful.
FB14428,ST10559,2025-06-23,5,The academic resources are very helpful.
FB14429,ST10459,2025-08-22,4,The practical sessions are excellent.
FB14430,ST10735,2025-04-09,4,The faculty support could be better.
FB14431,ST10954,2025-08-22,5,I am satisfied with the learning experience.
FB14432,ST10991,2026-03-20,5,I am satisfied with the learning experience.
FB14433,ST10944,2026-03-25,5,The academic resources need improvement.
FB14434,ST10993,2026-08-04,5,The practical sessions need complete overhaul.
FB14435,ST10937,2025-10-05,5,The courses are well structured and helpful.
FB14436,ST10343,2025-02-15,5,The placement training has been useful.
FB14437,ST10722,2025-06-08,5,The faculty members are very supportive.
FB14438,ST10635,2026-01-30,5,The courses are well structured and helpful.
FB14439,ST10984,2026-02-17,4,I am satisfied with the learning experience.
FB14440,ST10747,2025-06-16,4,The placement opportunities are not sufficient.
FB14441,ST10035,2025-08-21,5,The faculty members are very supportive.
FB14442,ST10110,2025-03-09,5,The academic resources are very helpful.
FB14443,ST10749,2024-12-08,4,The practical sessions are excellent.
FB14444,ST10911,2025-10-04,4,The courses are well structured and helpful.
FB14445,ST10474,2026-06-24,3,The learning experience is neither good nor bad.
FB14446,ST10098,2025-07-21,3,The overall experience is average.
FB14447,ST10146,2024-08-27,5,The faculty members are very supportive.
FB14448,ST10699,2025-03-30,4,The academic resources are very helpful.
FB14449,ST10173,2026-08-08,3,The learning experience is neither good nor bad.
FB14450,ST10735,2026-04-29,3,The courses are okay but could be improved.
FB14451,ST10323,2025-08-01,3,The faculty support could be better.
FB14452,ST10716,2025-06-10,3,The academic resources need improvement.
FB14453,ST10182,2026-01-27,3,The placment training needs serious improvement.
FB14454,ST10683,2025-04-20,5,The placement training has been useful.
FB14455,ST10804,2025-10-03,3,Some aspects of the program are useful.
FB14456,ST10366,2026-01-30,3,The placment training needs serious improvement.
FB14457,ST10011,2024-09-18,4,The placement training has been useful.
FB14458,ST10081,2024-11-01,4,The faculty members are very supportive.
FB14459,ST10884,2026-07-31,3,The courses are okay but could be improved.
FB14460,ST10929,2025-10-04,3,The academic resources need improvement.
FB14461,ST10703,2025-12-26,3,The facilities are satisfactor.
FB14462,ST10451,2025-05-19,3,Some aspects of the program are useful.
FB14463,ST10348,2026-06-04,4,The faculty members are very supportive.
FB14464,ST10979,2025-07-19,4,The placment training needs serious improvement.
FB14465,ST10784,2025-12-05,4,I am satisfied with the learning experience.
FB14466,ST10475,2026-08-01,5,The courses are well structured and helpful.
FB14467,ST10726,2026-01-06,3,The facilities are satisfactor.
FB14468,ST10660,2026-06-15,4,I am satisfied with the learning experience.
FB14469,ST10050,2025-03-17,5,The placement training has been useful.
FB14470,ST10981,2025-05-05,3,The courses are okay but could be improved.
FB14471,ST10994,2025-03-15,4,The academic resources are very helpful.
FB14472,ST10209,2025-03-13,3,Some aspects of the program are useful.
FB14473,ST10122,2026-05-03,4,The faculty members are very supportive.
FB14474,ST10961,2024-11-02,5,I am satisfied with the learning experience.
FB14475,ST10047,2025-03-04,5,The academic resources are very helpful.
FB14476,ST10066,2026-01-08,4,The faculty members are very supportive.
FB14477,ST10979,2025-11-14,5,The academic resources are very helpful.
FB14478,ST10902,2025-06-17,3,The courses are okay but could be improved.
FB14479,ST10983,2025-08-11,4,The faculty members are very supportive.
FB14480,ST10932,2026-04-10,5,The practical sessions are excellent.
FB14481,ST10151,2026-01-24,4,The placement training has been useful.
FB14482,ST10035,2026-03-22,4,The placement training has been useful.
FB14483,ST10660,2025-02-21,5,The practical sessions are excellent.
FB14484,ST10966,2026-03-11,5,The placement opportunities are not sufficient.
FB14485,ST10061,2026-01-21,5,The placement training has been useful.
FB14486,ST10489,2025-11-18,4,The academic resources are very helpful.
FB14487,ST10491,2026-04-08,4,The academic resources are very helpful.
FB14488,ST10734,2025-01-16,4,The workload is too high.
FB14489,ST10679,2025-09-25,5,The faculty members are very supportive.
FB14490,ST10595,2025-05-07,3,The facilities are satisfactor.
FB14491,ST10883,2026-01-26,5,The courses are well structured and helpful.
FB14492,ST10503,2026-02-05,5,I am satisfied with the learning experience.
FB14493,ST10336,2025-01-04,5,I am satisfied with the learning experience.
FB14494,ST10849,2025-04-18,4,The placement training has been useful.
FB14495,ST10389,2025-10-17,5,I am satisfied with the learning experience.
FB14496,ST10189,2024-08-26,5,The placement training has been useful.
FB14497,ST10189,2026-01-22,4,The academic resources are very helpful.
FB14498,ST10678,2024-08-24,4,The academic resources need improvement.
FB14499,ST10798,2026-05-25,5,I am satisfied with the learning experience.
FB14500,ST10339,2024-10-09,5,The placment training needs serious improvement.
FB14501,ST10016,2024-08-27,3,The overall experience is average.
FB14502,ST10586,2025-07-03,4,The placement training has been useful.
FB14503,ST10365,2024-11-01,5,The academic resources are very helpful.
FB14504,ST10523,2025-09-29,4,The courses are well structured and helpful.
FB14505,ST10908,2024-11-06,4,The placment training needs serious improvement.
FB14506,ST10394,2026-02-01,4,I am satisfied with the learning experience.
FB14507,ST10632,2025-07-30,4,The faculty support could be better.
FB14508,ST10918,2025-05-18,3,The learning experience is neither good nor bad.
FB14509,ST10343,2025-02-04,3,Some aspects of the program are useful.
FB14510,ST10570,2026-03-04,3,Some aspects of the program are useful.
FB14511,ST10462,2025-03-26,4,The practical sessions are excellent.
FB14512,ST10090,2025-03-01,5,The academic resources are very helpful.
FB14513,ST10320,2025-01-14,4,The courses are well structured and helpful.
FB14514,ST10977,2024-09-13,4,The practical sessions need complete overhaul.
FB14515,ST10688,2024-09-05,4,The workload is too high.
FB14516,ST10817,2025-12-12,4,The academic resources are very helpful.
FB14517,ST10469,2024-10-28,4,The practical sessions are excellent.
FB14518,ST10080,2024-10-01,4,The placement training has been useful.
FB14519,ST10712,2026-08-16,5,The courses are well structured and helpful.
FB14520,ST10118,2025-11-22,4,The faculty members are very supportive.
FB14521,ST10232,2026-01-10,3,Some aspects of the program are useful.
FB14522,ST10007,2026-07-13,4,The placement training has been useful.
FB14523,ST10102,2026-05-28,3,Some aspects of the program are useful.
FB14524,ST10743,2025-02-02,3,The overall experience is average.
FB14525,ST10362,2025-11-26,3,The placement opportunities are not sufficient.
FB14526,ST10805,2025-12-26,5,The practical sessions are excellent.
FB14527,ST10741,2024-11-20,4,The faculty members are very supportive.
FB14528,ST10445,2026-02-18,5,The courses are well structured and helpful.
FB14529,ST10217,2024-11-19,4,The faculty members are very supportive.
FB14530,ST10748,2024-10-24,5,The faculty members are very supportive.
FB14531,ST10707,2026-06-14,5,The workload is too high.
FB14532,ST10721,2025-11-30,3,The learning experience is neither good nor bad.
FB14533,ST10570,2024-11-26,4,The academic resources are very helpful.
FB14534,ST10769,2025-06-06,4,The faculty support could be better.
FB14535,ST10940,2026-01-09,4,The practical sessions are excellent.
FB14536,ST10069,2026-04-03,4,The placement training has been useful.
FB14537,ST10521,2026-07-17,4,The practical sessions need complete overhaul.
FB14538,ST10921,2026-01-03,5,The practical sessions are excellent.
FB14539,ST10340,2025-10-31,5,The faculty support could be better.
FB14540,ST10888,2026-05-03,4,The courses are well structured and helpful.
FB14541,ST10173,2025-01-08,3,The learning experience is neither good nor bad.
FB14542,ST10167,2026-07-14,4,I am satisfied with the learning experience.
FB14543,ST10630,2024-11-12,4,I am satisfied with the learning experience.
FB14544,ST10139,2026-02-09,3,The courses are okay but could be improved.
FB14545,ST10061,2025-01-08,5,The faculty members are very supportive.
FB14546,ST10499,2025-03-02,5,The academic resources need improvement.
FB14547,ST10217,2025-04-03,3,Some aspects of the program are useful.
FB14548,ST10766,2025-08-15,5,The placement training has been useful.
FB14549,ST10592,2026-01-13,3,The courses are okay but could be improved.
FB14550,ST10718,2026-08-15,4,I am satisfied with the learning experience.
FB14551,ST10131,2024-10-15,4,I am satisfied with the learning experience.
FB14552,ST10284,2025-12-27,4,The academic resources need improvement.
FB14553,ST10153,2025-08-05,4,I am satisfied with the learning experience.
FB14554,ST10735,2026-08-04,4,The faculty members are very supportive.
FB14555,ST10713,2025-03-20,4,The workload is too high.
FB14556,ST10382,2026-04-07,3,The overall experience is average.
FB14557,ST10921,2025-07-15,3,The courses are okay but could be improved.
FB14558,ST10516,2026-02-06,4,The faculty members are very supportive.
FB14559,ST10417,2026-07-20,4,I am satisfied with the learning experience.
FB14560,ST10699,2026-01-18,4,The placment training needs serious improvement.
FB14561,ST10353,2026-04-07,3,Some aspects of the program are useful.
FB14562,ST10237,2026-04-08,3,The practical sessions need complete overhaul.
FB14563,ST10468,2025-04-26,4,The placement training has been useful.
FB14564,ST10626,2025-03-05,4,I am satisfied with the learning experience.
FB14565,ST10701,2024-12-21,4,I am satisfied with the learning experience.
FB14566,ST10426,2026-04-16,3,The overall experience is average.
FB14567,ST10481,2024-10-14,4,The practical sessions are excellent.
FB14568,ST10882,2025-03-21,4,The placement opportunities are not sufficient.
FB14569,ST10768,2026-04-13,4,The workload is too high.
FB14570,ST10123,2024-10-05,4,The placment training needs serious improvement.
FB14571,ST10270,2025-06-11,5,The academic resources are very helpful.
FB14572,ST10069,2025-06-15,3,The learning experience is neither good nor bad.
FB14573,ST10167,2025-05-03,4,The courses are well structured and helpful.
FB14574,ST10962,2024-10-03,4,The placement training has been useful.
FB14575,ST10514,2025-03-06,5,The placement training has been useful.
FB14576,ST10993,2026-05-11,5,The practical sessions need complete overhaul.
FB14577,ST10472,2025-03-11,5,The placment training needs serious improvement.
FB14578,ST10393,2025-01-03,4,The placement training has been useful.
FB14579,ST10087,2025-07-26,5,The placement training has been useful.
FB14580,ST10371,2024-10-10,5,The practical sessions are excellent.
FB14581,ST10798,2025-09-03,3,The facilities are satisfactor.
FB14582,ST10308,2026-08-09,3,The learning experience is neither good nor bad.
FB14583,ST10989,2025-01-20,5,I am satisfied with the learning experience.
FB14584,ST10620,2025-12-05,3,The courses are okay but could be improved.
FB14585,ST10582,2025-06-18,5,The courses are well structured and helpful.
FB14586,ST10663,2025-01-03,3,The courses are okay but could be improved.
FB14587,ST10465,2026-01-01,5,I am satisfied with the learning experience.
FB14588,ST10138,2025-09-04,4,The courses are well structured and helpful.
FB14589,ST10303,2024-11-10,4,The faculty support could be better.
FB14590,ST10222,2024-12-07,3,The courses are okay but could be improved.
FB14591,ST10942,2025-10-11,3,The faculty support could be better.
FB14592,ST10964,2026-04-07,3,The facilities are satisfactor.
FB14593,ST10273,2025-07-18,3,The overall experience is average.
FB14594,ST10696,2025-02-03,4,The practical sessions are excellent.
FB14595,ST10547,2025-12-07,3,Some aspects of the program are useful.
FB14596,ST10974,2025-12-30,3,The overall experience is average.
FB14597,ST10758,2024-11-08,3,The learning experience is neither good nor bad.
FB14598,ST10152,2026-07-27,3,The facilities are satisfactor.
FB14599,ST10930,2025-07-26,3,The placment training needs serious improvement.
FB14600,ST10674,2026-02-24,3,The learning experience is neither good nor bad.
FB14601,ST10270,2025-03-07,5,The practical sessions are excellent.
FB14602,ST10825,2024-11-06,5,I am satisfied with the learning experience.
FB14603,ST10970,2024-09-14,5,I am satisfied with the learning experience.
FB14604,ST10683,2024-10-13,4,The practical sessions are excellent.
FB14605,ST10231,2024-10-11,4,I am satisfied with the learning experience.
FB14606,ST10829,2025-11-04,3,The overall experience is average.
FB14607,ST10081,2026-03-06,3,The facilities are satisfactor.
FB14608,ST10869,2025-02-28,3,The learning experience is neither good nor bad.
FB14609,ST10416,2026-04-13,5,The academic resources are very helpful.
FB14610,ST10379,2025-07-30,5,The academic resources need improvement.
FB14611,ST10400,2024-09-01,5,The placement opportunities are not sufficient.
FB14612,ST10692,2026-07-15,5,The faculty members are very supportive.
FB14613,ST10412,2025-09-08,5,The academic resources are very helpful.
FB14614,ST10740,2024-12-11,3,The facilities are satisfactor.
FB14615,ST10970,2026-01-07,5,I am satisfied with the learning experience.
FB14616,ST10380,2025-12-28,5,The faculty members are very supportive.
FB14617,ST10396,2024-08-18,5,The placement opportunities are not sufficient.
FB14618,ST10796,2026-08-12,5,The courses are well structured and helpful.
FB14619,ST10214,2024-09-16,5,The workload is too high.
FB14620,ST10081,2026-01-16,5,The faculty members are very supportive.
FB14621,ST10023,2025-06-17,5,The courses are well structured and helpful.
FB14622,ST10948,2025-03-12,5,The placement opportunities are not sufficient.
FB14623,ST10940,2024-12-13,5,The placement opportunities are not sufficient.
FB14624,ST10090,2026-02-12,5,The workload is too high.
FB14625,ST10779,2025-05-01,5,I am satisfied with the learning experience.
FB14626,ST10806,2026-07-21,5,The placement opportunities are not sufficient.
FB14627,ST10391,2025-06-17,4,The placement training has been useful.
FB14628,ST10116,2025-11-07,4,The workload is too high.
FB14629,ST10014,2024-08-20,4,The faculty members are very supportive.
FB14630,ST10246,2025-09-22,4,The academic resources are very helpful.
FB14631,ST10273,2026-02-18,5,The courses are well structured and helpful.
FB14632,ST10054,2026-08-18,5,The faculty support could be better.
FB14633,ST10667,2026-04-08,4,I am satisfied with the learning experience.
FB14634,ST10812,2025-09-03,4,The practical sessions need complete overhaul.
FB14635,ST10837,2025-08-24,5,The faculty members are very supportive.
FB14636,ST10219,2025-07-22,3,The overall experience is average.
FB14637,ST10464,2025-06-27,5,I am satisfied with the learning experience.
FB14638,ST10232,2026-06-04,4,The academic resources are very helpful.
FB14639,ST10031,2026-03-06,4,The academic resources are very helpful.
FB14640,ST10508,2026-04-16,4,The faculty support could be better.
FB14641,ST10942,2026-05-10,4,The courses are well structured and helpful.
FB14642,ST10378,2026-04-20,3,The learning experience is neither good nor bad.
FB14643,ST10095,2024-10-11,3,The placement opportunities are not sufficient.
FB14644,ST10288,2025-10-11,5,I am satisfied with the learning experience.
FB14645,ST10836,2025-02-09,5,The faculty support could be better.
FB14646,ST10757,2024-08-20,5,The practical sessions need complete overhaul.
FB14647,ST10911,2025-06-12,5,The practical sessions need complete overhaul.
FB14648,ST10266,2026-02-04,5,The academic resources are very helpful.
FB14649,ST10050,2026-05-15,4,I am satisfied with the learning experience.
FB14650,ST10891,2026-04-15,3,The overall experience is average.
FB14651,ST10709,2025-08-27,4,The faculty members are very supportive.
FB14652,ST10228,2024-11-20,4,The practical sessions need complete overhaul.
FB14653,ST10464,2025-11-01,5,The placement training has been useful.
FB14654,ST10699,2025-10-07,4,I am satisfied with the learning experience.
FB14655,ST10480,2026-08-14,4,The faculty members are very supportive.
FB14656,ST10662,2025-05-23,4,The academic resources need improvement.
FB14657,ST10718,2025-05-03,5,I am satisfied with the learning experience.
FB14658,ST10955,2026-01-29,5,The courses are well structured and helpful.
FB14659,ST10334,2025-04-10,3,The overall experience is average.
FB14660,ST10038,2025-06-25,5,I am satisfied with the learning experience.
FB14661,ST10877,2024-09-29,3,The courses are okay but could be improved.
FB14662,ST10068,2025-12-22,5,The faculty members are very supportive.
FB14663,ST10679,2026-01-02,5,The workload is too high.
FB14664,ST10123,2024-10-27,5,The practical sessions are excellent.
FB14665,ST10233,2025-05-28,5,The academic resources need improvement.
FB14666,ST10811,2025-10-07,5,I am satisfied with the learning experience.
FB14667,ST10542,2026-06-11,5,The academic resources need improvement.
FB14668,ST10089,2025-05-09,4,I am satisfied with the learning experience.
FB14669,ST10204,2024-10-19,5,The placement training has been useful.
FB14670,ST10360,2026-06-02,3,Some aspects of the program are useful.
FB14671,ST10795,2025-08-10,4,The academic resources are very helpful.
FB14672,ST10616,2026-03-31,3,Some aspects of the program are useful.
FB14673,ST10744,2026-04-05,3,The learning experience is neither good nor bad.
FB14674,ST10803,2025-03-31,5,I am satisfied with the learning experience.
FB14675,ST10990,2026-01-03,3,The courses are okay but could be improved.
FB14676,ST10932,2025-01-22,4,I am satisfied with the learning experience.
FB14677,ST10656,2025-01-02,3,The learning experience is neither good nor bad.
FB14678,ST10233,2025-10-22,3,The courses are okay but could be improved.
FB14679,ST10916,2024-09-17,4,The practical sessions are excellent.
FB14680,ST10002,2025-06-12,4,The placement training has been useful.
FB14681,ST10801,2026-01-13,4,I am satisfied with the learning experience.
FB14682,ST10434,2025-01-13,5,The practical sessions are excellent.
FB14683,ST10996,2025-04-07,4,The placement training has been useful.
FB14684,ST10930,2026-02-09,4,The placement training has been useful.
FB14685,ST10524,2025-06-17,5,The practical sessions are excellent.
FB14686,ST10807,2026-07-15,5,The placement opportunities are not sufficient.
FB14687,ST10827,2024-11-08,5,I am satisfied with the learning experience.
FB14688,ST10040,2025-12-20,4,The placement training has been useful.
FB14689,ST10160,2026-02-04,4,The faculty members are very supportive.
FB14690,ST10915,2025-05-24,4,The academic resources need improvement.
FB14691,ST10574,2025-08-30,3,The courses are okay but could be improved.
FB14692,ST10724,2024-10-22,5,The placement training has been useful.
FB14693,ST10946,2026-07-06,3,The facilities are satisfactor.
FB14694,ST10547,2025-12-22,3,The practical sessions need complete overhaul.
FB14695,ST10490,2025-07-24,5,The placement training has been useful.
FB14696,ST10135,2026-03-12,4,I am satisfied with the learning experience.
FB14697,ST10146,2025-01-12,4,The academic resources need improvement.
FB14698,ST10521,2024-12-04,5,The courses are well structured and helpful.
FB14699,ST10260,2024-09-14,5,The faculty support could be better.
FB14700,ST10574,2025-01-14,5,The academic resources need improvement.
FB14701,ST10580,2024-09-06,4,The academic resources are very helpful.
FB14702,ST10183,2026-02-28,3,The facilities are satisfactor.
FB14703,ST10415,2025-11-21,5,I am satisfied with the learning experience.
FB14704,ST10217,2025-02-19,5,The courses are well structured and helpful.
FB14705,ST10249,2025-09-01,5,The academic resources need improvement.
FB14706,ST10810,2025-06-15,3,The courses are okay but could be improved.
FB14707,ST10069,2024-10-05,3,The placment training needs serious improvement.
FB14708,ST10545,2026-04-25,5,The placement training has been useful.
FB14709,ST10283,2025-10-11,4,I am satisfied with the learning experience.
FB14710,ST10498,2025-12-30,3,The courses are okay but could be improved.
FB14711,ST10878,2025-04-14,4,The faculty members are very supportive.
FB14712,ST10669,2025-09-10,4,I am satisfied with the learning experience.
FB14713,ST10910,2025-10-06,3,The courses are okay but could be improved.
FB14714,ST10794,2026-05-27,4,The placement training has been useful.
FB14715,ST10521,2026-05-10,3,The learning experience is neither good nor bad.
FB14716,ST10235,2025-08-01,5,The academic resources are very helpful.
FB14717,ST10673,2024-08-30,5,The courses are well structured and helpful.
FB14718,ST10749,2024-09-15,4,The placement training has been useful.
FB14719,ST10371,2025-05-08,4,The practical sessions are excellent.
FB14720,ST10819,2024-09-30,4,The academic resources are very helpful.
FB14721,ST10378,2025-05-07,5,The academic resources are very helpful.
FB14722,ST10074,2026-04-21,5,The academic resources are very helpful.
FB14723,ST10338,2026-03-01,4,The courses are well structured and helpful.
FB14724,ST10591,2024-09-20,3,Some aspects of the program are useful.
FB14725,ST10217,2025-06-28,5,The placement training has been useful.
FB14726,ST10367,2024-11-17,5,The placment training needs serious improvement.
FB14727,ST10489,2025-01-29,5,The workload is too high.
FB14728,ST10019,2026-05-06,4,The placement training has been useful.
FB14729,ST10683,2026-01-07,5,The practical sessions are excellent.
FB14730,ST10099,2026-01-18,4,The academic resources are very helpful.
FB14731,ST10154,2025-09-28,4,I am satisfied with the learning experience.
FB14732,ST10770,2025-08-09,3,Some aspects of the program are useful.
FB14733,ST10414,2026-08-18,5,The practical sessions are excellent.
FB14734,ST10416,2026-01-26,5,The practical sessions are excellent.
FB14735,ST10221,2026-06-24,5,The placement training has been useful.
FB14736,ST10915,2026-06-28,4,The courses are well structured and helpful.
FB14737,ST10136,2025-10-08,4,The placement training has been useful.
FB14738,ST10472,2024-12-11,4,The academic resources need improvement.
FB14739,ST10591,2026-03-16,4,The placement opportunities are not sufficient.
FB14740,ST10637,2025-11-10,5,The practical sessions are excellent.
FB14741,ST10361,2025-02-14,4,The academic resources are very helpful.
FB14742,ST10964,2026-08-06,3,Some aspects of the program are useful.
FB14743,ST10922,2024-10-12,3,The academic resources need improvement.
FB14744,ST10317,2024-09-15,4,The practical sessions are excellent.
FB14745,ST10646,2026-03-12,3,The facilities are satisfactor.
FB14746,ST10317,2024-12-05,5,The practical sessions are excellent.
FB14747,ST10187,2025-09-01,4,I am satisfied with the learning experience.
FB14748,ST10163,2026-01-07,5,The courses are well structured and helpful.
FB14749,ST10863,2024-09-01,5,The faculty members are very supportive.
FB14750,ST10827,2025-08-19,5,The faculty members are very supportive.
FB14751,ST10819,2026-07-23,5,The practical sessions need complete overhaul.
FB14752,ST10008,2026-08-01,3,The overall experience is average.
FB14753,ST10144,2025-12-11,5,The practical sessions are excellent.
FB14754,ST10406,2024-09-22,5,The practical sessions are excellent.
FB14755,ST10509,2025-02-22,5,The practical sessions are excellent.
FB14756,ST10608,2026-02-13,4,The faculty members are very supportive.
FB14757,ST10430,2026-01-03,4,The practical sessions need complete overhaul.
FB14758,ST10912,2024-11-27,4,The academic resources are very helpful.
FB14759,ST10264,2024-08-29,4,The placment training needs serious improvement.
FB14760,ST10024,2024-12-29,5,The faculty members are very supportive.
FB14761,ST10716,2025-12-22,4,I am satisfied with the learning experience.
FB14762,ST10603,2024-09-25,3,The facilities are satisfactor.
FB14763,ST10579,2026-07-21,5,I am satisfied with the learning experience.
FB14764,ST10452,2025-04-13,5,The academic resources are very helpful.
FB14765,ST10141,2026-05-17,4,The placement training has been useful.
FB14766,ST10329,2026-04-26,5,The academic resources are very helpful.
FB14767,ST10608,2024-11-01,4,The courses are well structured and helpful.
FB14768,ST10377,2025-08-07,4,I am satisfied with the learning experience.
FB14769,ST10474,2025-12-05,5,I am satisfied with the learning experience.
FB14770,ST10307,2024-12-28,5,The courses are well structured and helpful.
FB14771,ST10629,2026-05-28,5,The practical sessions are excellent.
FB14772,ST10627,2025-11-20,5,The faculty members are very supportive.
FB14773,ST10674,2024-10-06,5,The faculty members are very supportive.
FB14774,ST10772,2026-05-15,4,The faculty members are very supportive.
FB14775,ST10315,2026-05-14,3,The overall experience is average.
FB14776,ST10811,2024-11-08,3,The placement opportunities are not sufficient.
FB14777,ST10125,2024-11-14,4,The practical sessions are excellent.
FB14778,ST10772,2025-09-08,3,The facilities are satisfactor.
FB14779,ST10283,2025-11-23,4,The faculty members are very supportive.
FB14780,ST10589,2026-04-30,4,The practical sessions need complete overhaul.
FB14781,ST10271,2025-12-09,4,The academic resources are very helpful.
FB14782,ST10150,2025-02-05,5,The practical sessions are excellent.
FB14783,ST10513,2024-10-06,5,The practical sessions are excellent.
FB14784,ST10741,2026-05-04,5,The placement opportunities are not sufficient.
FB14785,ST10686,2025-01-22,5,The academic resources need improvement.
FB14786,ST10790,2025-07-15,5,The placement opportunities are not sufficient.
FB14787,ST10879,2025-05-07,5,The placment training needs serious improvement.
FB14788,ST10256,2026-05-10,5,The courses are well structured and helpful.
FB14789,ST10133,2026-05-29,4,I am satisfied with the learning experience.
FB14790,ST10882,2026-03-14,5,The courses are well structured and helpful.
FB14791,ST10335,2026-01-26,5,The practical sessions are excellent.
FB14792,ST10198,2025-06-26,5,The academic resources are very helpful.
FB14793,ST10380,2025-04-26,4,The practical sessions are excellent.
FB14794,ST10880,2024-11-19,3,The overall experience is average.
FB14795,ST10251,2026-01-31,5,The faculty members are very supportive.
FB14796,ST10581,2025-11-08,5,The faculty members are very supportive.
FB14797,ST10952,2025-10-16,4,The academic resources are very helpful.
FB14798,ST10581,2024-12-02,4,The courses are well structured and helpful.
FB14799,ST10919,2025-04-24,3,The facilities are satisfactor.
FB14800,ST10110,2026-05-29,4,The courses are well structured and helpful.
FB14801,ST10752,2026-04-26,4,The faculty support could be better.
FB14802,ST10880,2025-01-30,5,The faculty members are very supportive.
FB14803,ST10195,2026-04-03,5,The faculty members are very supportive.
FB14804,ST10987,2024-09-22,4,The placement training has been useful.
FB14805,ST10945,2025-11-21,4,I am satisfied with the learning experience.
FB14806,ST10268,2024-12-30,3,Some aspects of the program are useful.
FB14807,ST10306,2025-05-05,5,The academic resources are very helpful.
FB14808,ST10407,2024-10-06,4,The courses are well structured and helpful.
FB14809,ST10229,2024-11-19,4,The placement opportunities are not sufficient.
FB14810,ST10380,2025-03-18,5,I am satisfied with the learning experience.
FB14811,ST10912,2024-12-05,4,The placement training has been useful.
FB14812,ST10956,2026-03-29,3,The courses are okay but could be improved.
FB14813,ST10035,2025-07-06,3,The workload is too high.
FB14814,ST10318,2024-12-26,5,I am satisfied with the learning experience.
FB14815,ST10417,2026-02-09,4,The courses are well structured and helpful.
FB14816,ST10309,2025-06-01,5,The placement training has been useful.
FB14817,ST10517,2025-10-21,3,The learning experience is neither good nor bad.
FB14818,ST10801,2024-12-24,3,The placment training needs serious improvement.
FB14819,ST10034,2025-07-24,5,The academic resources are very helpful.
FB14820,ST10728,2025-02-23,3,The courses are okay but could be improved.
FB14821,ST10583,2026-08-06,3,The practical sessions need complete overhaul.
FB14822,ST10772,2025-11-13,4,The courses are well structured and helpful.
FB14823,ST10908,2024-09-18,4,The placment training needs serious improvement.
FB14824,ST10663,2024-11-29,3,The learning experience is neither good nor bad.
FB14825,ST10449,2024-11-03,3,The placment training needs serious improvement.
FB14826,ST10477,2026-04-24,5,The courses are well structured and helpful.
FB14827,ST10213,2026-06-07,5,The placment training needs serious improvement.
FB14828,ST10159,2025-12-22,4,The faculty members are very supportive.
FB14829,ST10168,2025-12-06,5,The practical sessions are excellent.
FB14830,ST10433,2025-06-06,5,I am satisfied with the learning experience.
FB14831,ST10770,2026-04-14,4,I am satisfied with the learning experience.
FB14832,ST10206,2024-12-18,4,I am satisfied with the learning experience.
FB14833,ST10010,2024-08-30,5,I am satisfied with the learning experience.
FB14834,ST10411,2026-07-02,4,The courses are well structured and helpful.
FB14835,ST10210,2025-08-31,4,The workload is too high.
FB14836,ST10023,2024-10-19,5,The faculty members are very supportive.
FB14837,ST10480,2024-08-22,4,The academic resources are very helpful.
FB14838,ST10687,2024-08-23,4,The practical sessions need complete overhaul.
FB14839,ST10374,2025-01-04,4,The placment training needs serious improvement.
FB14840,ST10449,2026-08-07,4,The workload is too high.
FB14841,ST10795,2024-10-26,5,The practical sessions are excellent.
FB14842,ST10769,2026-02-17,5,The workload is too high.
FB14843,ST10921,2026-01-06,3,The courses are okay but could be improved.
FB14844,ST10285,2025-11-22,3,The courses are okay but could be improved.
FB14845,ST10058,2026-07-07,4,I am satisfied with the learning experience.
FB14846,ST10753,2025-03-26,5,The faculty members are very supportive.
FB14847,ST10175,2025-07-07,5,I am satisfied with the learning experience.
FB14848,ST10734,2026-02-07,5,The workload is too high.
FB14849,ST10048,2026-05-07,5,The faculty members are very supportive.
FB14850,ST10070,2026-04-25,5,The placement opportunities are not sufficient.
FB14851,ST10829,2026-04-10,3,The overall experience is average.
FB14852,ST10094,2025-08-22,4,I am satisfied with the learning experience.
FB14853,ST10678,2026-02-06,3,The facilities are satisfactor.
FB14854,ST10054,2024-11-24,3,The placment training needs serious improvement.
FB14855,ST10450,2025-01-25,3,The academic resources need improvement.
FB14856,ST10424,2024-12-07,3,The faculty support could be better.
FB14857,ST10677,2025-12-27,3,The practical sessions need complete overhaul.
FB14858,ST10748,2025-03-16,3,The overall experience is average.
FB14859,ST10852,2025-09-28,3,The academic resources need improvement.
FB14860,ST10652,2025-08-02,3,The facilities are satisfactor.
FB14861,ST10845,2025-07-04,4,The courses are well structured and helpful.
FB14862,ST10948,2025-02-19,5,The placement training has been useful.
FB14863,ST10656,2026-08-16,5,The practical sessions are excellent.
FB14864,ST10158,2024-12-31,3,The learning experience is neither good nor bad.
FB14865,ST10645,2025-12-05,4,The practical sessions are excellent.
FB14866,ST10185,2026-02-06,4,The practical sessions are excellent.
FB14867,ST10822,2024-09-16,4,The academic resources need improvement.
FB14868,ST10352,2025-11-24,5,The practical sessions are excellent.
FB14869,ST10730,2025-01-04,4,The practical sessions are excellent.
FB14870,ST10970,2026-02-26,4,I am satisfied with the learning experience.
FB14871,ST10463,2025-09-10,4,The courses are well structured and helpful.
FB14872,ST10103,2025-12-06,4,The courses are well structured and helpful.
FB14873,ST10123,2024-10-25,4,The practical sessions are excellent.
FB14874,ST10242,2025-12-18,3,Some aspects of the program are useful.
FB14875,ST10426,2026-05-21,3,The academic resources need improvement.
FB14876,ST10629,2026-04-17,5,The courses are well structured and helpful.
FB14877,ST10876,2025-04-08,5,The placement training has been useful.
FB14878,ST10711,2025-05-15,4,The academic resources are very helpful.
FB14879,ST10613,2025-07-09,5,The courses are well structured and helpful.
FB14880,ST10712,2024-08-21,5,The practical sessions are excellent.
FB14881,ST10753,2025-10-25,5,The placment training needs serious improvement.
FB14882,ST10506,2025-02-17,4,I am satisfied with the learning experience.
FB14883,ST10928,2025-01-14,5,The placement training has been useful.
FB14884,ST10256,2024-11-17,4,The placement training has been useful.
FB14885,ST10168,2025-10-03,4,The faculty members are very supportive.
FB14886,ST10148,2024-10-31,5,I am satisfied with the learning experience.
FB14887,ST10696,2025-12-11,5,The faculty members are very supportive.
FB14888,ST10871,2025-05-26,5,The workload is too high.
FB14889,ST10758,2026-06-19,3,Some aspects of the program are useful.
FB14890,ST10837,2026-04-01,5,The faculty members are very supportive.
FB14891,ST10310,2025-10-11,5,The courses are well structured and helpful.
FB14892,ST10515,2025-09-16,5,The practical sessions need complete overhaul.
FB14893,ST10521,2025-02-04,4,The faculty members are very supportive.
FB14894,ST10278,2025-08-13,4,I am satisfied with the learning experience.
FB14895,ST10881,2026-04-08,5,The academic resources are very helpful.
FB14896,ST10785,2025-12-17,4,The faculty members are very supportive.
FB14897,ST10627,2026-01-12,3,The facilities are satisfactor.
FB14898,ST10195,2025-01-26,3,The learning experience is neither good nor bad.
FB14899,ST10509,2025-03-20,4,The academic resources are very helpful.
FB14900,ST10407,2024-09-28,4,The academic resources are very helpful.
FB14901,ST10164,2025-01-15,4,The placement opportunities are not sufficient.
FB14902,ST10759,2024-11-13,5,I am satisfied with the learning experience.
FB14903,ST10190,2026-04-28,5,The placement training has been useful.
FB14904,ST10327,2024-12-11,3,The courses are okay but could be improved.
FB14905,ST10934,2026-02-01,4,I am satisfied with the learning experience.
FB14906,ST10429,2026-06-04,5,The placement training has been useful.
FB14907,ST10556,2026-07-26,4,The practical sessions are excellent.
FB14908,ST10029,2025-08-21,3,Some aspects of the program are useful.
FB14909,ST10743,2025-09-08,3,The workload is too high.
FB14910,ST10607,2025-01-01,5,The courses are well structured and helpful.
FB14911,ST10947,2024-12-20,5,The practical sessions need complete overhaul.
FB14912,ST10224,2026-01-20,5,The practical sessions are excellent.
FB14913,ST10324,2026-08-04,3,Some aspects of the program are useful.
FB14914,ST10412,2024-09-20,5,I am satisfied with the learning experience.
FB14915,ST10685,2024-09-28,3,The courses are okay but could be improved.
FB14916,ST10662,2025-12-31,5,The practical sessions are excellent.
FB14917,ST10681,2025-05-27,3,The courses are okay but could be improved.
FB14918,ST10044,2025-03-27,5,The courses are well structured and helpful.
FB14919,ST10680,2025-01-27,4,The practical sessions are excellent.
FB14920,ST10662,2025-07-21,3,The facilities are satisfactor.
FB14921,ST10100,2025-03-01,4,The academic resources are very helpful.
FB14922,ST10229,2025-05-04,3,The overall experience is average.
FB14923,ST10045,2025-12-10,4,The practical sessions are excellent.
FB14924,ST10722,2026-05-05,4,The placment training needs serious improvement.
FB14925,ST10839,2026-07-10,3,The courses are okay but could be improved.
FB14926,ST10871,2026-03-30,4,I am satisfied with the learning experience.
FB14927,ST10382,2025-08-04,3,Some aspects of the program are useful.
FB14928,ST10679,2024-09-20,3,The placment training needs serious improvement.
FB14929,ST10729,2024-11-07,5,I am satisfied with the learning experience.
FB14930,ST10557,2026-03-16,5,The placement training has been useful.
FB14931,ST10306,2024-09-27,5,The placment training needs serious improvement.
FB14932,ST10782,2026-08-06,5,The practical sessions are excellent.
FB14933,ST10269,2025-10-09,5,The courses are well structured and helpful.
FB14934,ST10317,2025-01-01,5,The workload is too high.
FB14935,ST10858,2024-12-18,5,The placment training needs serious improvement.
FB14936,ST10044,2026-04-20,3,The courses are okay but could be improved.
FB14937,ST10584,2024-09-09,3,The practical sessions need complete overhaul.
FB14938,ST10453,2025-08-29,3,The learning experience is neither good nor bad.
FB14939,ST10251,2025-09-21,3,The placement opportunities are not sufficient.
FB14940,ST10336,2024-11-16,3,The learning experience is neither good nor bad.
FB14941,ST10654,2024-10-12,5,The placement training has been useful.
FB14942,ST10794,2026-07-14,3,Some aspects of the program are useful.
FB14943,ST10446,2025-02-16,3,The courses are okay but could be improved.
FB14944,ST10304,2026-03-01,3,The overall experience is average.
FB14945,ST10626,2025-07-29,4,The placement training has been useful.
FB14946,ST10184,2025-11-21,4,I am satisfied with the learning experience.
FB14947,ST10313,2025-11-11,3,The overall experience is average.
FB14948,ST10292,2025-04-28,4,The faculty members are very supportive.
FB14949,ST10815,2025-07-09,4,The faculty support could be better.
FB14950,ST10751,2025-01-19,4,The practical sessions are excellent.
FB14951,ST10093,2026-03-21,5,The practical sessions are excellent.
FB14952,ST10158,2026-01-25,5,The practical sessions need complete overhaul.
FB14953,ST10603,2026-07-16,3,Some aspects of the program are useful.
FB14954,ST10285,2025-04-27,4,The practical sessions are excellent.
FB14955,ST10668,2025-02-12,4,The academic resources are very helpful.
FB14956,ST10114,2026-04-15,3,The overall experience is average.
FB14957,ST10059,2024-11-11,5,The placement training has been useful.
FB14958,ST10420,2025-04-28,4,The academic resources are very helpful.
FB14959,ST10724,2025-02-10,5,The courses are well structured and helpful.
FB14960,ST10959,2024-11-02,5,I am satisfied with the learning experience.
FB14961,ST10199,2025-02-18,4,I am satisfied with the learning experience.
FB14962,ST10004,2026-03-14,5,The courses are well structured and helpful.
FB14963,ST10830,2025-07-04,4,I am satisfied with the learning experience.
FB14964,ST10564,2026-06-24,3,The facilities are satisfactor.
FB14965,ST10567,2025-01-20,3,The learning experience is neither good nor bad.
FB14966,ST10863,2025-06-05,3,The workload is too high.
FB14967,ST10676,2026-07-11,3,Some aspects of the program are useful.
FB14968,ST10064,2025-02-05,5,The placement training has been useful.
FB14969,ST10168,2024-10-14,5,The practical sessions need complete overhaul.
FB14970,ST10956,2025-08-18,4,I am satisfied with the learning experience.
FB14971,ST10865,2025-11-15,5,I am satisfied with the learning experience.
FB14972,ST10690,2025-08-29,3,The courses are okay but could be improved.
FB14973,ST10220,2024-09-29,3,The practical sessions need complete overhaul.
FB14974,ST10922,2026-07-10,3,Some aspects of the program are useful.
FB14975,ST10345,2025-07-22,3,Some aspects of the program are useful.
FB14976,ST10935,2024-12-08,3,The practical sessions need complete overhaul.
FB14977,ST10182,2025-02-01,4,The courses are well structured and helpful.
FB14978,ST10445,2026-08-08,4,The courses are well structured and helpful.
FB14979,ST10997,2025-12-04,4,I am satisfied with the learning experience.
FB14980,ST10206,2025-08-06,4,The academic resources need improvement.
FB14981,ST10624,2025-01-03,4,The academic resources are very helpful.
FB14982,ST10358,2025-06-14,4,The practical sessions need complete overhaul.
FB14983,ST10755,2025-06-04,3,The overall experience is average.
FB14984,ST10542,2024-12-01,4,The academic resources are very helpful.
FB14985,ST10416,2025-08-08,4,The practical sessions need complete overhaul.
FB14986,ST10505,2026-02-28,4,The academic resources are very helpful.
FB14987,ST10433,2025-01-15,3,The facilities are satisfactor.
FB14988,ST10846,2025-12-21,4,The courses are well structured and helpful.
FB14989,ST10877,2025-05-23,3,The facilities are satisfactor.
FB14990,ST10254,2025-03-15,3,Some aspects of the program are useful.
FB14991,ST10131,2025-01-22,5,The placement training has been useful.
FB14992,ST10120,2025-05-05,4,The practical sessions are excellent.
FB14993,ST10361,2024-11-24,4,The practical sessions need complete overhaul.
FB14994,ST10594,2024-09-11,4,The academic resources need improvement.
FB14995,ST10253,2026-02-06,5,The faculty members are very supportive.
FB14996,ST10677,2025-11-02,4,The academic resources are very helpful.
FB14997,ST10734,2024-10-03,4,The workload is too high.
FB14998,ST10719,2025-03-23,5,The faculty members are very supportive.
FB14999,ST10547,2024-12-02,5,I am satisfied with the learning experience.
FB15000,ST10589,2024-11-12,5,The workload is too high.
